subtaskID,datapointID,answer
1,10001,1.0
1,10002,0.0
1,10003,1.0
1,10004,0.0
1,10005,1.0
1,10006,0.0
1,10007,1.0
1,10008,0.0
1,10009,1.0
1,10010,1.0
1,10011,0.0
1,10012,0.0
1,10013,1.0
1,10014,0.0
1,10015,1.0
1,10016,0.0
1,10017,1.0
1,10018,1.0
1,10019,0.0
1,10020,0.0
1,10022,0.0
1,10023,1.0
1,10024,0.0
1,10025,1.0
1,10026,1.0
1,10027,0.0
1,10028,0.0
1,10029,1.0
1,10030,0.0
1,10031,0.0
1,10032,0.0
1,10033,0.0
1,10034,1.0
1,10035,0.0
1,10036,1.0
1,10037,0.0
1,10038,1.0
1,10039,0.0
1,10040,1.0
1,10041,1.0
1,10042,0.0
1,10043,0.0
1,10044,1.0
1,10045,0.0
1,10046,1.0
1,10047,0.0
1,10048,1.0
1,10049,1.0
1,10050,0.0
1,10051,0.0
1,10052,1.0
1,10053,1.0
1,10054,0.0
1,10055,0.0
1,10057,0.0
1,10058,0.0
1,10059,0.0
1,10060,0.0
1,10061,0.0
1,10062,1.0
1,10063,0.0
1,10064,0.0
1,10065,0.0
1,10066,1.0
1,10067,0.0
1,10068,0.0
1,10069,1.0
1,10070,0.0
1,10071,1.0
1,10072,1.0
1,10074,1.0
1,10075,0.0
1,10076,0.0
1,10077,0.0
1,10078,1.0
1,10079,1.0
1,10080,1.0
1,10081,1.0
1,10082,0.0
1,10083,0.0
1,10084,1.0
1,10085,0.0
1,10086,0.0
1,10087,0.0
1,10088,1.0
1,10089,0.0
1,10090,0.0
1,10091,1.0
1,10092,0.0
1,10093,1.0
1,10094,1.0
1,10095,1.0
1,10096,0.0
1,10097,1.0
1,10098,0.0
1,10099,1.0
1,10100,0.0
1,10101,0.0
1,10103,1.0
1,10104,0.0
1,10105,0.0
1,10106,1.0
1,10107,0.0
1,10108,0.0
1,10109,0.0
1,10110,0.0
1,10111,1.0
1,10112,1.0
1,10113,0.0
1,10114,0.0
1,10115,0.0
1,10116,0.0
1,10117,0.0
1,10118,0.0
1,10119,0.0
1,10120,1.0
1,10121,1.0
1,10122,0.0
1,10123,0.0
1,10124,0.0
1,10125,0.0
1,10126,0.0
1,10127,0.0
1,10128,0.0
1,10129,0.0
1,10130,1.0
1,10131,1.0
1,10132,1.0
1,10133,0.0
1,10134,0.0
1,10135,0.0
1,10136,0.0
1,10137,1.0
1,10138,1.0
1,10139,0.0
1,10140,1.0
1,10141,0.0
1,10142,1.0
1,10143,0.0
1,10144,0.0
1,10145,1.0
1,10146,1.0
1,10147,0.0
1,10148,1.0
1,10149,0.0
1,10150,0.0
1,10151,0.0
1,10152,0.0
1,10153,0.0
1,10155,0.0
1,10156,0.0
1,10157,0.0
1,10158,0.0
1,10159,0.0
1,10160,1.0
1,10161,0.0
1,10162,0.0
1,10163,0.0
1,10164,0.0
1,10165,0.0
1,10166,1.0
1,10167,0.0
1,10168,0.0
1,10169,1.0
1,10170,1.0
1,10171,0.0
1,10172,0.0
1,10173,0.0
1,10174,0.0
1,10175,0.0
1,10176,1.0
1,10177,0.0
1,10178,0.0
1,10179,0.0
1,10181,0.0
1,10182,1.0
1,10183,0.0
1,10184,0.0
1,10185,0.0
1,10186,0.0
1,10187,0.0
1,10188,0.0
1,10189,1.0
1,10190,0.0
1,10191,0.0
1,10192,1.0
1,10193,0.0
1,10194,0.0
1,10195,1.0
1,10196,0.0
1,10197,0.0
1,10198,0.0
1,10199,1.0
1,10200,0.0
1,10201,1.0
1,10203,1.0
1,10204,0.0
1,10205,0.0
1,10206,0.0
1,10207,0.0
1,10208,0.0
1,10209,1.0
1,10210,0.0
1,10211,0.0
1,10212,0.0
1,10213,1.0
1,10214,0.0
1,10215,0.0
1,10216,1.0
1,10217,0.0
1,10218,0.0
1,10219,0.0
1,10220,0.0
1,10221,0.0
1,10222,0.0
1,10223,0.0
1,10224,0.0
1,10225,0.0
1,10226,0.0
1,10227,1.0
1,10228,0.0
1,10229,1.0
1,10230,0.0
1,10231,0.0
1,10232,0.0
1,10233,0.0
1,10234,0.0
1,10235,0.0
1,10236,1.0
1,10237,0.0
1,10238,0.0
1,10239,0.0
1,10240,0.0
1,10242,1.0
1,10243,1.0
1,10244,1.0
1,10245,0.0
1,10248,1.0
1,10249,1.0
1,10250,0.0
1,10251,1.0
1,10252,0.0
1,10253,0.0
1,10254,0.0
1,10255,0.0
1,10256,0.0
1,10257,0.0
1,10258,1.0
1,10259,1.0
1,10261,1.0
1,10262,0.0
1,10263,0.0
1,10264,0.0
1,10265,1.0
1,10266,0.0
1,10267,0.0
1,10268,0.0
1,10269,0.0
1,10270,0.0
1,10271,0.0
1,10272,0.0
1,10273,0.0
1,10274,0.0
1,10275,0.0
1,10278,1.0
1,10279,0.0
1,10280,0.0
1,10281,0.0
1,10282,1.0
1,10283,1.0
1,10284,0.0
1,10285,1.0
1,10286,0.0
1,10287,0.0
1,10288,0.0
1,10289,0.0
1,10290,1.0
1,10291,0.0
1,10292,0.0
1,10293,1.0
1,10294,0.0
1,10295,0.0
1,10296,1.0
1,10297,1.0
1,10298,0.0
1,10299,1.0
1,10300,1.0
1,10301,0.0
1,10302,1.0
1,10303,0.0
1,10304,0.0
1,10305,1.0
1,10306,0.0
1,10307,0.0
1,10308,1.0
1,10309,0.0
1,10310,1.0
1,10311,0.0
1,10312,0.0
1,10313,0.0
1,10314,0.0
1,10315,1.0
1,10316,0.0
1,10317,0.0
1,10318,0.0
1,10319,0.0
1,10320,1.0
1,10321,1.0
1,10322,1.0
1,10324,0.0
1,10325,0.0
1,10326,0.0
1,10327,0.0
1,10328,0.0
1,10329,0.0
1,10330,0.0
1,10331,0.0
1,10332,1.0
1,10333,1.0
1,10334,0.0
1,10335,0.0
1,10336,1.0
1,10337,0.0
1,10338,1.0
1,10339,0.0
1,10340,0.0
1,10341,1.0
1,10342,0.0
1,10343,0.0
1,10344,0.0
1,10345,1.0
1,10346,1.0
1,10347,0.0
1,10348,0.0
1,10349,0.0
1,10351,0.0
1,10352,0.0
1,10353,0.0
1,10354,0.0
1,10355,0.0
1,10356,0.0
1,10357,0.0
1,10358,0.0
1,10359,0.0
1,10360,0.0
1,10361,0.0
1,10362,1.0
1,10363,0.0
1,10364,0.0
1,10365,0.0
1,10366,1.0
1,10367,0.0
1,10368,0.0
1,10369,1.0
1,10370,0.0
1,10371,0.0
1,10372,1.0
1,10373,0.0
1,10374,1.0
1,10375,0.0
1,10376,0.0
1,10377,0.0
1,10379,0.0
1,10380,1.0
1,10381,0.0
1,10382,0.0
1,10383,0.0
1,10384,1.0
1,10386,0.0
1,10387,1.0
1,10388,0.0
1,10389,0.0
1,10390,0.0
1,10391,0.0
1,10392,0.0
1,10393,1.0
1,10394,0.0
1,10395,0.0
1,10397,0.0
1,10398,1.0
1,10399,0.0
1,10400,0.0
1,10401,0.0
1,10402,0.0
1,10404,0.0
1,10405,0.0
1,10406,0.0
1,10407,0.0
1,10408,1.0
1,10410,0.0
1,10411,0.0
1,10412,0.0
1,10413,1.0
1,10414,0.0
1,10415,0.0
1,10416,0.0
1,10417,0.0
1,10418,0.0
1,10419,0.0
1,10420,0.0
1,10421,0.0
1,10422,0.0
1,10423,0.0
1,10424,0.0
1,10425,1.0
1,10426,0.0
1,10427,0.0
1,10428,0.0
1,10429,0.0
1,10430,0.0
1,10431,1.0
1,10432,1.0
1,10433,0.0
1,10434,0.0
1,10435,0.0
1,10436,0.0
1,10437,1.0
1,10438,0.0
1,10439,1.0
1,10440,0.0
1,10441,0.0
1,10442,0.0
1,10443,1.0
1,10444,0.0
1,10445,1.0
1,10446,1.0
1,10447,0.0
1,10448,0.0
1,10449,1.0
1,10450,1.0
1,10451,1.0
1,10452,0.0
1,10453,0.0
1,10454,1.0
1,10455,1.0
1,10456,1.0
1,10457,0.0
1,10458,0.0
1,10459,0.0
1,10460,0.0
1,10461,0.0
1,10462,0.0
1,10463,0.0
1,10464,0.0
1,10465,0.0
1,10466,0.0
1,10467,1.0
1,10468,0.0
1,10469,0.0
1,10470,0.0
1,10471,1.0
1,10472,0.0
1,10473,0.0
1,10474,0.0
1,10475,1.0
1,10476,0.0
1,10477,0.0
1,10478,0.0
1,10479,0.0
1,10480,0.0
1,10481,0.0
1,10482,1.0
1,10483,0.0
1,10484,1.0
1,10485,1.0
1,10486,0.0
1,10487,0.0
1,10488,0.0
1,10489,0.0
1,10490,0.0
1,10491,0.0
1,10492,0.0
1,10493,0.0
1,10495,0.0
1,10496,0.0
1,10497,0.0
1,10498,1.0
1,10499,1.0
1,10500,0.0
1,10502,0.0
1,10503,0.0
1,10504,1.0
1,10505,1.0
1,10506,0.0
1,10507,0.0
1,10508,0.0
1,10509,0.0
1,10510,0.0
1,10511,0.0
1,10512,0.0
1,10513,0.0
1,10514,0.0
1,10515,1.0
1,10516,1.0
1,10517,0.0
1,10518,0.0
1,10519,0.0
1,10520,1.0
1,10521,0.0
1,10522,0.0
1,10523,1.0
1,10524,1.0
1,10525,0.0
1,10526,0.0
1,10527,0.0
1,10528,1.0
1,10529,1.0
1,10530,0.0
1,10531,0.0
1,10532,1.0
1,10533,1.0
1,10535,0.0
1,10536,0.0
1,10537,1.0
1,10538,0.0
1,10539,0.0
1,10540,1.0
1,10541,0.0
1,10542,1.0
1,10543,0.0
1,10544,0.0
1,10545,0.0
1,10546,0.0
1,10547,0.0
1,10548,0.0
1,10549,1.0
1,10550,1.0
1,10551,0.0
1,10552,0.0
1,10553,0.0
1,10554,0.0
1,10555,1.0
1,10556,0.0
1,10557,0.0
1,10558,0.0
1,10559,0.0
1,10560,0.0
1,10561,0.0
1,10563,0.0
1,10564,0.0
1,10565,1.0
1,10566,0.0
1,10567,0.0
1,10568,0.0
1,10569,0.0
1,10570,0.0
1,10571,0.0
1,10572,1.0
1,10573,0.0
1,10574,1.0
1,10575,0.0
1,10577,0.0
1,10578,0.0
1,10579,0.0
1,10580,1.0
1,10581,1.0
1,10582,0.0
1,10583,1.0
1,10584,1.0
1,10585,1.0
1,10586,0.0
1,10587,0.0
1,10588,0.0
1,10589,0.0
1,10590,0.0
1,10591,0.0
1,10592,0.0
1,10594,1.0
1,10595,0.0
1,10596,0.0
1,10598,0.0
1,10599,0.0
1,10600,0.0
1,10601,0.0
1,10602,0.0
1,10603,0.0
1,10604,0.0
1,10605,0.0
1,10606,1.0
1,10607,0.0
1,10608,0.0
1,10609,0.0
1,10610,0.0
1,10611,0.0
1,10612,0.0
1,10613,0.0
1,10614,0.0
1,10615,0.0
1,10616,0.0
1,10617,0.0
1,10618,0.0
1,10619,1.0
1,10620,0.0
1,10621,1.0
1,10622,1.0
1,10623,1.0
1,10624,0.0
1,10626,0.0
1,10627,1.0
1,10628,0.0
1,10629,1.0
1,10630,0.0
1,10631,0.0
1,10632,0.0
1,10633,0.0
1,10635,0.0
1,10636,0.0
1,10637,0.0
1,10638,0.0
1,10639,0.0
1,10640,0.0
1,10641,0.0
1,10642,0.0
1,10643,0.0
1,10644,1.0
1,10645,1.0
1,10646,0.0
1,10647,0.0
1,10648,1.0
1,10649,0.0
1,10650,0.0
1,10651,0.0
1,10652,1.0
1,10653,0.0
1,10654,0.0
1,10655,0.0
1,10656,0.0
1,10657,0.0
1,10658,0.0
1,10659,0.0
1,10660,1.0
1,10661,0.0
1,10662,1.0
1,10663,1.0
1,10664,0.0
1,10665,0.0
1,10666,0.0
1,10667,0.0
1,10668,0.0
1,10669,1.0
1,10670,0.0
1,10671,0.0
1,10672,1.0
1,10673,0.0
1,10674,1.0
1,10675,0.0
1,10676,0.0
1,10678,0.0
1,10679,0.0
1,10680,0.0
1,10681,0.0
1,10682,1.0
1,10683,0.0
1,10684,0.0
1,10685,1.0
1,10686,0.0
1,10687,0.0
1,10688,1.0
1,10689,0.0
1,10690,0.0
1,10691,1.0
1,10692,0.0
1,10693,0.0
1,10694,0.0
1,10695,1.0
1,10696,0.0
1,10697,1.0
1,10698,0.0
1,10699,0.0
1,10700,0.0
1,10701,0.0
1,10702,1.0
1,10703,0.0
1,10704,0.0
1,10706,1.0
1,10707,0.0
1,10708,0.0
1,10709,1.0
1,10710,0.0
1,10711,0.0
1,10713,0.0
1,10714,0.0
1,10715,0.0
1,10716,1.0
1,10717,0.0
1,10718,0.0
1,10719,0.0
1,10720,0.0
1,10721,0.0
1,10722,0.0
1,10723,0.0
1,10724,0.0
1,10725,1.0
1,10726,0.0
1,10727,1.0
1,10728,0.0
1,10729,1.0
1,10730,0.0
1,10731,0.0
1,10732,0.0
1,10734,1.0
1,10735,1.0
1,10736,0.0
1,10737,1.0
1,10738,0.0
1,10739,0.0
1,10740,0.0
1,10741,0.0
1,10742,1.0
1,10743,0.0
1,10744,0.0
1,10745,0.0
1,10746,0.0
1,10747,1.0
1,10748,1.0
1,10749,0.0
1,10750,0.0
1,10751,1.0
1,10752,0.0
1,10753,0.0
1,10754,0.0
1,10755,1.0
1,10756,0.0
1,10757,0.0
1,10758,0.0
1,10759,1.0
1,10760,0.0
1,10761,0.0
1,10762,1.0
1,10764,0.0
1,10765,0.0
1,10766,1.0
1,10767,0.0
1,10768,1.0
1,10769,0.0
1,10770,0.0
1,10771,1.0
1,10772,1.0
1,10773,1.0
1,10774,1.0
1,10775,0.0
1,10776,0.0
1,10777,0.0
1,10779,0.0
1,10780,0.0
1,10781,0.0
1,10782,0.0
1,10783,0.0
1,10784,0.0
1,10785,1.0
1,10786,1.0
1,10787,0.0
1,10788,0.0
1,10789,0.0
1,10790,0.0
1,10791,0.0
1,10792,0.0
1,10793,0.0
1,10794,0.0
1,10795,1.0
1,10796,0.0
1,10797,0.0
1,10798,0.0
1,10799,1.0
1,10800,0.0
1,10801,0.0
1,10802,0.0
1,10803,0.0
1,10804,0.0
1,10805,0.0
1,10806,0.0
1,10807,0.0
1,10808,0.0
1,10809,0.0
1,10810,0.0
1,10811,1.0
1,10812,1.0
1,10813,0.0
1,10814,1.0
1,10815,1.0
1,10816,0.0
1,10817,0.0
1,10818,0.0
1,10819,1.0
1,10820,0.0
1,10821,0.0
1,10822,0.0
1,10823,1.0
1,10824,0.0
1,10825,0.0
1,10826,0.0
1,10828,0.0
1,10829,0.0
1,10830,0.0
1,10831,0.0
1,10832,1.0
1,10833,0.0
1,10834,1.0
1,10835,0.0
1,10836,0.0
1,10837,0.0
1,10838,0.0
1,10839,0.0
1,10840,0.0
1,10841,1.0
1,10842,0.0
1,10843,0.0
1,10844,0.0
1,10846,0.0
1,10847,0.0
1,10848,0.0
1,10849,1.0
1,10850,1.0
1,10851,1.0
1,10852,0.0
1,10853,0.0
1,10854,0.0
1,10855,1.0
1,10856,1.0
1,10857,0.0
1,10858,1.0
1,10859,1.0
1,10860,0.0
1,10861,1.0
1,10862,0.0
1,10863,0.0
1,10864,0.0
1,10865,1.0
1,10866,1.0
1,10867,1.0
1,10868,0.0
1,10869,1.0
1,10870,0.0
1,10871,0.0
1,10872,0.0
1,10874,1.0
1,10875,0.0
1,10876,0.0
1,10879,0.0
1,10880,0.0
1,10881,1.0
1,10882,0.0
1,10883,0.0
1,10884,0.0
1,10885,0.0
1,10886,0.0
1,10887,1.0
1,10888,0.0
1,10889,1.0
1,10890,1.0
1,10891,1.0
1,10892,0.0
1,10893,1.0
1,10894,0.0
1,10895,1.0
1,10896,0.0
1,10897,1.0
1,10898,0.0
1,10899,1.0
1,10900,0.0
1,10901,0.0
1,10902,0.0
1,10904,1.0
1,10905,1.0
1,10906,1.0
1,10907,1.0
1,10908,1.0
1,10909,0.0
1,10910,0.0
1,10911,0.0
1,10912,0.0
1,10913,0.0
1,10914,0.0
1,10916,0.0
1,10917,0.0
1,10918,1.0
1,10919,1.0
1,10920,0.0
1,10921,0.0
1,10922,0.0
1,10923,1.0
1,10924,0.0
1,10926,0.0
1,10927,0.0
1,10928,0.0
1,10929,1.0
1,10930,1.0
1,10931,0.0
1,10932,0.0
1,10933,1.0
1,10934,0.0
1,10935,1.0
1,10936,0.0
1,10937,1.0
1,10938,0.0
1,10939,1.0
1,10941,0.0
1,10942,0.0
1,10943,0.0
1,10944,0.0
1,10945,0.0
1,10946,0.0
1,10947,1.0
1,10948,0.0
1,10949,1.0
1,10950,0.0
1,10951,0.0
1,10952,0.0
1,10953,0.0
1,10954,1.0
1,10955,1.0
1,10956,0.0
1,10957,0.0
1,10958,0.0
1,10959,0.0
1,10960,0.0
1,10961,0.0
1,10962,0.0
1,10963,0.0
1,10964,1.0
1,10965,0.0
1,10966,0.0
1,10967,1.0
1,10968,0.0
1,10969,1.0
1,10970,0.0
1,10971,1.0
1,10973,0.0
1,10974,0.0
1,10975,0.0
1,10976,0.0
1,10977,1.0
1,10978,0.0
1,10979,0.0
1,10980,0.0
1,10981,0.0
1,10982,1.0
1,10983,1.0
1,10984,0.0
1,10985,0.0
1,10986,1.0
1,10987,0.0
1,10988,1.0
1,10989,0.0
1,10990,0.0
1,10991,1.0
1,10992,0.0
1,10993,0.0
1,10995,1.0
1,10996,0.0
1,10997,0.0
1,10998,0.0
1,10999,0.0
1,11000,1.0
1,11001,0.0
1,11002,1.0
1,11003,0.0
1,11004,1.0
1,11005,0.0
1,11006,1.0
1,11007,1.0
1,11008,0.0
1,11009,0.0
1,11010,1.0
1,11011,0.0
1,11012,0.0
1,11013,0.0
1,11014,0.0
1,11015,0.0
1,11016,0.0
1,11017,0.0
1,11018,1.0
1,11019,0.0
1,11020,1.0
1,11021,1.0
1,11022,0.0
1,11023,0.0
1,11024,0.0
1,11025,0.0
1,11026,0.0
1,11027,0.0
1,11028,1.0
1,11029,0.0
1,11030,1.0
1,11031,0.0
1,11032,0.0
1,11033,0.0
1,11034,1.0
1,11035,0.0
1,11036,1.0
1,11037,1.0
1,11038,0.0
1,11039,0.0
1,11040,0.0
1,11041,1.0
1,11042,1.0
1,11043,1.0
1,11045,1.0
1,11046,1.0
1,11047,0.0
1,11048,1.0
1,11049,0.0
1,11050,1.0
1,11051,0.0
1,11053,0.0
1,11054,0.0
1,11055,0.0
1,11057,1.0
1,11058,0.0
1,11059,1.0
1,11060,0.0
1,11061,0.0
1,11062,1.0
1,11063,0.0
1,11064,0.0
1,11065,0.0
1,11066,0.0
1,11067,0.0
1,11068,0.0
1,11069,1.0
1,11070,1.0
1,11071,0.0
1,11072,0.0
1,11073,0.0
1,11074,1.0
1,11075,1.0
1,11076,0.0
1,11077,0.0
1,11078,0.0
1,11079,0.0
1,11080,0.0
1,11081,1.0
1,11082,0.0
1,11083,1.0
1,11084,0.0
1,11085,1.0
1,11086,0.0
1,11087,0.0
1,11088,1.0
1,11089,0.0
1,11090,0.0
1,11091,0.0
1,11092,1.0
1,11093,0.0
1,11094,0.0
1,11095,0.0
1,11096,0.0
1,11097,0.0
1,11098,1.0
1,11100,0.0
1,11101,0.0
1,11102,1.0
1,11104,0.0
1,11105,0.0
1,11106,0.0
1,11107,0.0
1,11108,1.0
1,11109,0.0
1,11110,0.0
1,11111,0.0
1,11112,1.0
1,11114,0.0
1,11115,0.0
1,11116,0.0
1,11117,0.0
1,11118,0.0
1,11119,0.0
1,11120,1.0
1,11121,1.0
1,11122,0.0
1,11123,0.0
1,11125,0.0
1,11126,0.0
1,11127,0.0
1,11128,0.0
1,11129,0.0
1,11130,0.0
1,11131,0.0
1,11132,1.0
1,11133,0.0
1,11134,0.0
1,11135,0.0
1,11136,0.0
1,11137,1.0
1,11138,0.0
1,11139,0.0
1,11140,0.0
1,11141,0.0
1,11142,0.0
1,11143,0.0
1,11144,0.0
1,11145,0.0
1,11146,0.0
1,11147,0.0
1,11148,0.0
1,11149,0.0
1,11150,0.0
1,11151,1.0
1,11152,0.0
1,11153,0.0
1,11154,0.0
1,11155,0.0
1,11156,0.0
1,11157,0.0
1,11158,1.0
1,11159,0.0
1,11160,0.0
1,11161,0.0
1,11162,0.0
1,11163,0.0
1,11164,1.0
1,11165,0.0
1,11166,1.0
1,11167,0.0
1,11168,0.0
1,11169,0.0
1,11170,0.0
1,11171,1.0
1,11172,1.0
1,11173,0.0
1,11174,0.0
1,11175,0.0
1,11176,1.0
1,11177,1.0
1,11178,0.0
1,11179,0.0
1,11180,0.0
1,11181,0.0
1,11182,0.0
1,11183,0.0
1,11184,0.0
1,11185,0.0
1,11186,0.0
1,11187,0.0
1,11188,0.0
1,11189,0.0
1,11190,0.0
1,11191,0.0
1,11192,0.0
1,11193,1.0
1,11194,1.0
1,11195,1.0
1,11196,0.0
1,11197,0.0
1,11198,1.0
1,11199,0.0
1,11200,0.0
1,11201,0.0
1,11202,0.0
1,11203,1.0
1,11204,0.0
1,11205,0.0
1,11206,0.0
1,11207,0.0
1,11208,1.0
1,11209,0.0
1,11210,0.0
1,11211,0.0
1,11212,0.0
1,11213,0.0
1,11214,0.0
1,11215,1.0
1,11216,0.0
1,11217,0.0
1,11218,1.0
1,11219,0.0
1,11220,1.0
1,11221,0.0
1,11222,1.0
1,11223,0.0
1,11224,0.0
1,11225,0.0
1,11227,0.0
1,11228,0.0
1,11229,0.0
1,11230,1.0
1,11231,1.0
1,11233,0.0
1,11234,0.0
1,11235,0.0
1,11236,0.0
1,11237,0.0
1,11238,0.0
1,11239,0.0
1,11240,0.0
1,11241,0.0
1,11242,0.0
1,11243,1.0
1,11244,1.0
1,11245,0.0
1,11246,1.0
1,11247,0.0
1,11248,0.0
1,11249,1.0
1,11250,0.0
1,11251,1.0
1,11252,0.0
1,11253,0.0
1,11254,0.0
1,11255,1.0
1,11256,0.0
1,11257,0.0
1,11258,0.0
1,11259,0.0
1,11260,0.0
1,11261,0.0
1,11262,0.0
1,11263,0.0
1,11264,1.0
1,11265,0.0
1,11266,0.0
1,11267,0.0
1,11268,0.0
1,11269,1.0
1,11270,0.0
1,11271,1.0
1,11272,0.0
1,11273,0.0
1,11274,0.0
1,11275,0.0
1,11276,0.0
1,11277,1.0
1,11278,1.0
1,11279,1.0
1,11280,0.0
1,11282,0.0
1,11283,0.0
1,11284,1.0
1,11285,0.0
1,11286,0.0
1,11287,0.0
1,11288,0.0
1,11289,0.0
1,11290,0.0
1,11291,0.0
1,11292,0.0
1,11293,0.0
1,11294,1.0
1,11295,0.0
1,11296,0.0
1,11297,0.0
1,11298,0.0
1,11299,0.0
1,11300,1.0
1,11301,0.0
1,11302,0.0
1,11303,1.0
1,11304,0.0
1,11305,0.0
1,11306,1.0
1,11307,0.0
1,11308,1.0
1,11310,1.0
1,11311,1.0
1,11312,0.0
1,11313,0.0
1,11314,0.0
1,11315,1.0
1,11316,0.0
1,11317,0.0
1,11318,1.0
1,11319,0.0
1,11322,1.0
1,11323,1.0
1,11324,0.0
1,11325,0.0
1,11326,0.0
1,11328,0.0
1,11329,0.0
1,11331,0.0
1,11332,0.0
1,11333,1.0
1,11334,0.0
1,11335,0.0
1,11336,1.0
1,11337,0.0
1,11338,1.0
1,11339,0.0
1,11340,1.0
1,11341,0.0
1,11342,0.0
1,11343,0.0
1,11344,0.0
1,11345,0.0
1,11347,0.0
1,11348,0.0
1,11349,1.0
1,11350,1.0
1,11351,0.0
1,11352,0.0
1,11353,1.0
1,11355,0.0
1,11356,1.0
1,11357,0.0
1,11358,1.0
1,11359,0.0
1,11360,1.0
1,11361,0.0
1,11362,0.0
1,11363,0.0
1,11364,0.0
1,11365,0.0
1,11366,1.0
1,11367,0.0
1,11368,0.0
1,11369,0.0
1,11370,1.0
1,11371,0.0
1,11372,1.0
1,11373,0.0
1,11374,0.0
1,11375,0.0
1,11376,0.0
1,11377,1.0
1,11378,1.0
1,11380,0.0
1,11381,1.0
1,11382,1.0
1,11383,0.0
1,11384,0.0
1,11385,0.0
1,11386,1.0
1,11387,0.0
1,11388,1.0
1,11389,1.0
1,11390,0.0
1,11391,0.0
1,11392,0.0
1,11394,0.0
1,11395,0.0
1,11396,1.0
1,11397,0.0
1,11398,0.0
1,11399,0.0
1,11400,0.0
1,11401,0.0
1,11402,1.0
1,11403,0.0
1,11404,1.0
1,11405,1.0
1,11406,1.0
1,11407,1.0
1,11408,0.0
1,11409,0.0
1,11410,0.0
1,11411,0.0
1,11412,0.0
1,11413,0.0
1,11414,0.0
1,11415,1.0
1,11416,0.0
1,11417,0.0
1,11418,0.0
1,11419,0.0
1,11420,1.0
1,11421,0.0
1,11422,0.0
1,11423,0.0
1,11424,0.0
1,11425,0.0
1,11426,1.0
1,11427,0.0
1,11428,0.0
1,11429,0.0
1,11430,0.0
1,11431,0.0
1,11432,1.0
1,11433,0.0
1,11434,0.0
1,11435,0.0
1,11436,0.0
1,11437,0.0
1,11438,1.0
1,11439,0.0
1,11440,1.0
1,11441,0.0
1,11442,0.0
1,11443,0.0
1,11444,0.0
1,11445,0.0
1,11446,1.0
1,11447,0.0
1,11448,1.0
1,11449,0.0
1,11450,0.0
1,11451,1.0
1,11452,0.0
1,11453,1.0
1,11454,0.0
1,11455,0.0
1,11456,0.0
1,11458,0.0
1,11459,0.0
1,11460,1.0
1,11461,0.0
1,11462,0.0
1,11464,0.0
1,11465,0.0
1,11466,0.0
1,11467,0.0
1,11468,0.0
1,11469,0.0
1,11470,0.0
1,11471,0.0
1,11472,1.0
1,11473,0.0
1,11474,1.0
1,11475,0.0
1,11476,0.0
1,11477,1.0
1,11478,0.0
1,11479,1.0
1,11480,0.0
1,11481,0.0
1,11482,0.0
1,11483,0.0
1,11485,0.0
1,11486,1.0
1,11487,0.0
1,11488,0.0
1,11489,1.0
1,11490,0.0
1,11491,0.0
1,11492,0.0
1,11493,0.0
1,11494,0.0
1,11495,0.0
1,11496,0.0
1,11498,0.0
1,11499,1.0
1,11500,0.0
1,11501,0.0
1,11502,0.0
1,11503,0.0
1,11504,0.0
1,11505,0.0
1,11506,1.0
1,11507,1.0
1,11508,0.0
1,11509,0.0
1,11510,0.0
1,11511,1.0
1,11512,0.0
1,11513,0.0
1,11514,0.0
1,11515,0.0
1,11516,0.0
1,11517,0.0
1,11518,0.0
1,11519,1.0
1,11520,0.0
1,11521,0.0
1,11522,0.0
1,11523,1.0
1,11524,0.0
1,11525,0.0
1,11526,0.0
1,11527,0.0
1,11528,1.0
1,11529,0.0
1,11530,0.0
1,11531,1.0
1,11532,1.0
1,11533,0.0
1,11534,1.0
1,11535,1.0
1,11536,0.0
1,11537,0.0
1,11538,1.0
1,11539,0.0
1,11540,1.0
1,11541,1.0
1,11542,1.0
1,11543,1.0
1,11544,0.0
1,11545,1.0
1,11546,0.0
1,11547,0.0
1,11548,0.0
1,11549,0.0
1,11550,1.0
1,11551,0.0
1,11552,1.0
1,11553,0.0
1,11554,1.0
1,11555,0.0
1,11556,0.0
1,11557,1.0
1,11558,0.0
1,11559,1.0
1,11561,0.0
1,11562,0.0
1,11563,0.0
1,11564,0.0
1,11565,0.0
1,11566,1.0
1,11567,0.0
1,11568,0.0
1,11569,1.0
1,11570,0.0
1,11571,0.0
1,11572,0.0
1,11573,0.0
1,11575,0.0
1,11576,0.0
1,11577,1.0
1,11579,0.0
1,11580,0.0
1,11581,1.0
1,11582,0.0
1,11583,0.0
1,11584,0.0
1,11586,0.0
1,11587,0.0
1,11588,0.0
1,11589,1.0
1,11591,0.0
1,11592,0.0
1,11593,0.0
1,11594,0.0
1,11595,0.0
1,11596,0.0
1,11597,1.0
1,11598,0.0
1,11599,0.0
1,11600,0.0
1,11601,0.0
1,11602,1.0
1,11604,1.0
1,11605,0.0
1,11606,1.0
1,11607,0.0
1,11608,0.0
1,11609,1.0
1,11610,0.0
1,11611,1.0
1,11613,1.0
1,11614,0.0
1,11615,1.0
1,11616,0.0
1,11617,0.0
1,11619,0.0
1,11620,0.0
1,11621,1.0
1,11622,0.0
1,11623,0.0
1,11624,0.0
1,11625,0.0
1,11626,0.0
1,11627,0.0
1,11628,1.0
1,11629,0.0
1,11630,0.0
1,11631,0.0
1,11632,0.0
1,11633,0.0
1,11635,1.0
1,11636,0.0
1,11637,0.0
1,11638,1.0
1,11639,0.0
1,11640,0.0
1,11641,1.0
1,11642,1.0
1,11643,0.0
1,11644,0.0
1,11645,0.0
1,11646,1.0
1,11647,1.0
1,11648,0.0
1,11649,1.0
1,11650,0.0
1,11651,0.0
1,11652,0.0
1,11653,0.0
1,11654,0.0
1,11655,1.0
1,11656,0.0
1,11657,1.0
1,11659,0.0
1,11660,0.0
1,11661,0.0
1,11662,0.0
1,11663,1.0
1,11664,0.0
1,11665,0.0
1,11666,0.0
1,11667,0.0
1,11668,1.0
1,11669,0.0
1,11670,0.0
1,11671,0.0
1,11672,1.0
1,11673,1.0
1,11674,0.0
1,11675,0.0
1,11676,0.0
1,11677,0.0
1,11678,0.0
1,11679,0.0
1,11680,0.0
1,11681,0.0
1,11682,0.0
1,11683,1.0
1,11684,0.0
1,11685,0.0
1,11686,0.0
1,11687,0.0
1,11688,0.0
1,11689,0.0
1,11690,1.0
1,11691,0.0
1,11692,0.0
1,11693,0.0
1,11694,0.0
1,11695,1.0
1,11696,1.0
1,11697,0.0
1,11698,1.0
1,11699,0.0
1,11700,1.0
1,11701,0.0
1,11702,1.0
1,11703,0.0
1,11704,0.0
1,11705,0.0
1,11706,1.0
1,11707,0.0
1,11709,1.0
1,11710,0.0
1,11711,0.0
1,11712,1.0
1,11713,0.0
1,11714,0.0
1,11715,0.0
1,11716,0.0
1,11717,1.0
1,11718,1.0
1,11719,1.0
1,11720,0.0
1,11721,0.0
1,11722,0.0
1,11723,0.0
1,11724,0.0
1,11725,1.0
1,11727,0.0
1,11728,0.0
1,11729,1.0
1,11730,0.0
1,11731,0.0
1,11732,1.0
1,11733,0.0
1,11734,0.0
1,11735,0.0
1,11736,0.0
1,11737,0.0
1,11738,1.0
1,11739,0.0
1,11740,1.0
1,11741,1.0
1,11743,0.0
1,11744,0.0
1,11745,0.0
1,11746,0.0
1,11747,0.0
1,11748,0.0
1,11749,1.0
1,11750,0.0
1,11751,1.0
1,11752,0.0
1,11753,0.0
1,11754,1.0
1,11755,1.0
1,11756,0.0
1,11757,0.0
1,11758,0.0
1,11759,0.0
1,11760,0.0
1,11761,0.0
1,11762,1.0
1,11763,0.0
1,11764,0.0
1,11765,1.0
1,11767,0.0
1,11768,0.0
1,11769,1.0
1,11770,0.0
1,11771,0.0
1,11772,0.0
1,11773,1.0
1,11774,0.0
1,11775,0.0
1,11776,0.0
1,11777,0.0
1,11778,0.0
1,11779,0.0
1,11780,0.0
1,11781,1.0
1,11782,1.0
1,11783,0.0
1,11785,1.0
1,11786,0.0
1,11787,0.0
1,11788,0.0
1,11789,1.0
1,11790,1.0
1,11791,0.0
1,11792,1.0
1,11794,0.0
1,11795,0.0
1,11796,1.0
1,11797,0.0
1,11799,0.0
1,11800,0.0
1,11802,1.0
1,11803,1.0
1,11804,1.0
1,11805,0.0
1,11806,0.0
1,11807,0.0
1,11808,0.0
1,11809,0.0
1,11810,0.0
1,11811,1.0
1,11812,0.0
1,11814,1.0
1,11815,0.0
1,11816,1.0
1,11817,1.0
1,11818,0.0
1,11819,1.0
1,11820,0.0
1,11821,0.0
1,11822,1.0
1,11823,0.0
1,11824,0.0
1,11825,0.0
1,11826,0.0
1,11827,0.0
1,11828,0.0
1,11829,0.0
1,11830,0.0
1,11831,0.0
1,11832,0.0
1,11833,0.0
1,11834,1.0
1,11835,0.0
1,11836,0.0
1,11837,1.0
1,11838,0.0
1,11839,0.0
1,11840,1.0
1,11841,0.0
1,11842,1.0
1,11843,1.0
1,11845,0.0
1,11846,0.0
1,11847,1.0
1,11848,0.0
1,11849,0.0
1,11850,0.0
1,11851,0.0
1,11852,0.0
1,11853,0.0
1,11854,1.0
1,11855,0.0
1,11856,0.0
1,11857,1.0
1,11858,0.0
1,11859,0.0
1,11860,1.0
1,11861,0.0
1,11862,0.0
1,11863,0.0
1,11864,0.0
1,11866,1.0
1,11867,0.0
1,11868,0.0
1,11869,0.0
1,11870,0.0
1,11871,0.0
1,11872,0.0
1,11873,0.0
1,11874,1.0
1,11875,0.0
1,11876,0.0
1,11877,0.0
1,11878,0.0
1,11879,0.0
1,11880,0.0
1,11881,1.0
1,11882,0.0
1,11883,0.0
1,11884,0.0
1,11885,0.0
1,11887,1.0
1,11888,0.0
1,11889,0.0
1,11890,0.0
1,11891,0.0
1,11892,0.0
1,11893,0.0
1,11894,0.0
1,11895,1.0
1,11896,0.0
1,11897,1.0
1,11898,0.0
1,11899,0.0
1,11900,1.0
1,11901,0.0
1,11902,0.0
1,11903,0.0
1,11904,0.0
1,11905,0.0
1,11906,1.0
1,11907,1.0
1,11908,0.0
1,11909,0.0
1,11910,0.0
1,11911,0.0
1,11912,1.0
1,11913,0.0
1,11914,0.0
1,11915,0.0
1,11916,0.0
1,11917,0.0
1,11918,0.0
1,11919,1.0
1,11920,0.0
1,11921,1.0
1,11922,0.0
1,11923,0.0
1,11924,0.0
1,11925,1.0
1,11926,1.0
1,11927,0.0
1,11928,0.0
1,11929,0.0
1,11930,1.0
1,11931,0.0
1,11932,0.0
1,11933,1.0
1,11934,0.0
1,11935,0.0
1,11936,0.0
1,11937,1.0
1,11938,0.0
1,11939,0.0
1,11940,1.0
1,11941,0.0
1,11942,1.0
1,11943,1.0
1,11944,1.0
1,11945,0.0
1,11946,1.0
1,11947,0.0
1,11948,0.0
1,11949,0.0
1,11950,1.0
1,11951,0.0
1,11952,0.0
1,11953,1.0
1,11954,1.0
1,11955,0.0
1,11956,0.0
1,11957,0.0
1,11958,0.0
1,11959,0.0
1,11960,1.0
1,11961,0.0
1,11962,0.0
1,11963,0.0
1,11964,0.0
1,11965,1.0
1,11966,1.0
1,11968,0.0
1,11970,0.0
1,11971,0.0
1,11972,0.0
1,11973,0.0
1,11974,0.0
1,11975,1.0
1,11976,0.0
1,11977,0.0
1,11978,1.0
1,11979,0.0
1,11980,1.0
1,11981,0.0
1,11982,0.0
1,11983,0.0
1,11984,0.0
1,11985,1.0
1,11986,0.0
1,11987,0.0
1,11988,0.0
1,11989,0.0
1,11990,0.0
1,11991,0.0
1,11992,0.0
1,11993,0.0
1,11994,0.0
1,11995,0.0
1,11996,0.0
1,11997,0.0
1,11998,1.0
1,11999,0.0
1,12000,0.0
1,12001,0.0
1,12002,0.0
1,12003,1.0
1,12004,0.0
1,12005,1.0
1,12006,0.0
1,12007,1.0
1,12008,0.0
1,12009,0.0
1,12010,0.0
1,12011,0.0
1,12013,1.0
1,12014,0.0
1,12015,0.0
1,12016,0.0
1,12017,0.0
1,12018,0.0
1,12019,0.0
1,12020,1.0
1,12021,0.0
1,12022,0.0
1,12023,0.0
1,12024,0.0
1,12025,1.0
1,12026,0.0
1,12027,0.0
1,12028,0.0
1,12029,0.0
1,12030,0.0
1,12032,0.0
1,12033,1.0
1,12034,0.0
1,12035,0.0
1,12036,0.0
1,12038,1.0
1,12039,1.0
1,12040,1.0
1,12041,1.0
1,12042,0.0
1,12043,0.0
1,12045,0.0
1,12046,0.0
1,12047,0.0
1,12048,0.0
1,12049,1.0
1,12050,0.0
1,12051,0.0
1,12052,0.0
1,12053,1.0
1,12054,0.0
1,12055,1.0
1,12056,0.0
1,12057,1.0
1,12058,1.0
1,12059,0.0
1,12060,1.0
1,12061,0.0
1,12062,1.0
1,12063,0.0
1,12064,1.0
1,12065,0.0
1,12066,1.0
1,12067,0.0
1,12068,1.0
1,12069,1.0
1,12070,1.0
1,12071,0.0
1,12072,1.0
1,12073,0.0
1,12074,0.0
1,12075,0.0
1,12076,0.0
1,12077,0.0
1,12078,1.0
1,12079,1.0
1,12080,0.0
1,12081,0.0
1,12082,0.0
1,12083,0.0
1,12084,0.0
1,12085,1.0
1,12086,0.0
1,12087,0.0
1,12088,0.0
1,12089,1.0
1,12090,0.0
1,12091,0.0
1,12093,0.0
1,12094,0.0
1,12095,1.0
1,12096,0.0
1,12097,0.0
1,12098,0.0
1,12099,0.0
1,12100,0.0
1,12101,0.0
1,12102,0.0
1,12103,1.0
1,12104,1.0
1,12105,0.0
1,12106,1.0
1,12107,0.0
1,12108,0.0
1,12109,0.0
1,12110,0.0
1,12111,0.0
1,12112,0.0
1,12113,0.0
1,12114,0.0
1,12115,0.0
1,12116,0.0
1,12117,1.0
1,12118,0.0
1,12119,0.0
1,12120,0.0
1,12121,0.0
1,12122,1.0
1,12123,0.0
1,12125,1.0
1,12126,0.0
1,12127,0.0
1,12128,0.0
1,12129,0.0
1,12130,0.0
1,12131,0.0
1,12132,0.0
1,12133,1.0
1,12134,0.0
1,12135,0.0
1,12136,1.0
1,12137,0.0
1,12138,0.0
1,12139,0.0
1,12140,0.0
1,12141,0.0
1,12142,0.0
1,12143,0.0
1,12144,0.0
1,12145,0.0
1,12146,0.0
1,12147,1.0
1,12148,0.0
1,12149,1.0
1,12150,0.0
1,12151,0.0
1,12152,0.0
1,12153,1.0
1,12154,0.0
1,12155,1.0
1,12156,0.0
1,12157,0.0
1,12158,1.0
1,12159,0.0
1,12160,0.0
1,12161,0.0
1,12162,1.0
1,12163,0.0
1,12164,0.0
1,12165,1.0
1,12166,0.0
1,12167,1.0
1,12168,0.0
1,12169,1.0
1,12170,0.0
1,12171,0.0
1,12172,0.0
1,12173,1.0
1,12174,0.0
1,12175,1.0
1,12176,1.0
1,12177,1.0
1,12178,0.0
1,12179,0.0
1,12180,0.0
1,12181,1.0
1,12182,0.0
1,12183,0.0
1,12184,1.0
1,12185,1.0
1,12186,0.0
1,12187,0.0
1,12188,0.0
1,12189,1.0
1,12190,1.0
1,12191,0.0
1,12192,0.0
1,12194,1.0
1,12195,0.0
1,12196,1.0
1,12197,0.0
1,12198,0.0
1,12199,1.0
1,12200,0.0
1,12201,1.0
1,12202,1.0
1,12204,0.0
1,12205,0.0
1,12206,0.0
1,12207,0.0
1,12209,0.0
1,12210,0.0
1,12211,0.0
1,12212,1.0
1,12213,1.0
1,12214,0.0
1,12215,0.0
1,12216,0.0
1,12217,1.0
1,12218,1.0
1,12220,0.0
1,12221,1.0
1,12222,0.0
1,12223,0.0
1,12225,1.0
1,12226,0.0
1,12227,0.0
1,12228,0.0
1,12229,0.0
1,12230,0.0
1,12231,0.0
1,12232,1.0
1,12233,0.0
1,12234,0.0
1,12235,0.0
1,12236,0.0
1,12237,0.0
1,12238,0.0
1,12239,0.0
1,12240,0.0
1,12241,1.0
1,12242,0.0
1,12243,0.0
1,12244,0.0
1,12245,0.0
1,12246,0.0
1,12247,0.0
1,12248,0.0
1,12249,0.0
1,12250,0.0
1,12251,0.0
1,12252,0.0
1,12253,0.0
1,12254,0.0
1,12255,1.0
1,12256,0.0
1,12257,0.0
1,12258,0.0
1,12259,0.0
1,12260,1.0
1,12261,0.0
1,12262,0.0
1,12263,0.0
1,12264,1.0
1,12265,0.0
1,12266,1.0
1,12267,1.0
1,12269,0.0
1,12270,0.0
1,12271,0.0
1,12272,0.0
1,12273,1.0
1,12274,0.0
1,12275,0.0
1,12276,0.0
1,12277,0.0
1,12278,1.0
1,12279,0.0
1,12280,0.0
1,12281,0.0
1,12282,0.0
1,12283,0.0
1,12284,0.0
1,12285,1.0
1,12286,1.0
1,12287,1.0
1,12288,0.0
1,12289,0.0
1,12290,0.0
1,12291,0.0
1,12292,0.0
1,12293,0.0
1,12294,1.0
1,12295,1.0
1,12296,0.0
1,12297,0.0
1,12298,0.0
1,12299,1.0
1,12300,0.0
1,12301,0.0
1,12302,0.0
1,12303,0.0
1,12304,0.0
1,12305,0.0
1,12306,0.0
1,12308,0.0
1,12309,0.0
1,12310,1.0
1,12311,0.0
1,12312,1.0
1,12313,0.0
1,12314,0.0
1,12315,0.0
1,12316,0.0
1,12317,0.0
1,12318,0.0
1,12319,0.0
1,12320,0.0
1,12321,0.0
1,12322,0.0
1,12323,0.0
1,12324,1.0
1,12325,0.0
1,12326,0.0
1,12327,0.0
1,12328,1.0
1,12329,0.0
1,12330,0.0
1,12331,0.0
1,12332,0.0
1,12333,1.0
1,12334,0.0
1,12335,0.0
1,12336,0.0
1,12337,0.0
1,12339,1.0
1,12340,0.0
1,12341,0.0
1,12342,0.0
1,12343,0.0
1,12344,0.0
1,12345,1.0
1,12346,1.0
1,12347,1.0
1,12348,0.0
1,12349,0.0
1,12350,0.0
1,12351,0.0
1,12352,1.0
1,12353,0.0
1,12354,0.0
1,12355,0.0
1,12356,1.0
1,12357,1.0
1,12358,0.0
1,12359,1.0
1,12360,0.0
1,12361,0.0
1,12362,1.0
1,12363,1.0
1,12364,0.0
1,12365,0.0
1,12366,1.0
1,12367,1.0
1,12368,1.0
1,12369,0.0
1,12370,0.0
1,12371,0.0
1,12372,0.0
1,12373,0.0
1,12374,0.0
1,12375,1.0
1,12376,0.0
1,12377,1.0
1,12378,1.0
1,12379,1.0
1,12380,0.0
1,12381,1.0
1,12382,1.0
1,12383,0.0
1,12384,0.0
1,12385,0.0
1,12386,0.0
1,12387,0.0
1,12388,0.0
1,12389,0.0
1,12390,0.0
1,12391,1.0
1,12392,0.0
1,12393,1.0
1,12395,0.0
1,12396,1.0
1,12398,1.0
1,12399,0.0
1,12400,0.0
1,12401,0.0
1,12402,0.0
1,12403,0.0
1,12404,0.0
1,12405,0.0
1,12406,0.0
1,12407,0.0
1,12408,0.0
1,12409,0.0
1,12410,0.0
1,12411,0.0
1,12412,1.0
1,12413,0.0
1,12414,0.0
1,12415,1.0
1,12417,0.0
1,12418,0.0
1,12419,0.0
1,12420,1.0
1,12421,0.0
1,12422,0.0
1,12423,1.0
1,12424,1.0
1,12425,0.0
1,12427,0.0
1,12428,0.0
1,12429,0.0
1,12430,0.0
1,12431,0.0
1,12432,0.0
1,12433,0.0
1,12434,0.0
1,12435,1.0
1,12436,1.0
1,12437,1.0
1,12438,1.0
1,12439,0.0
1,12440,1.0
1,12441,0.0
1,12442,0.0
1,12443,0.0
1,12444,0.0
1,12445,0.0
1,12446,0.0
1,12447,0.0
1,12448,0.0
1,12449,0.0
1,12450,0.0
1,12452,0.0
1,12453,0.0
1,12454,0.0
1,12455,1.0
1,12456,0.0
1,12457,1.0
1,12458,0.0
1,12459,1.0
1,12460,0.0
1,12464,0.0
1,12465,1.0
1,12466,1.0
1,12467,1.0
1,12468,0.0
1,12469,0.0
1,12470,0.0
1,12471,0.0
1,12472,0.0
1,12473,0.0
1,12474,0.0
1,12475,1.0
1,12476,1.0
1,12477,0.0
1,12478,0.0
1,12479,0.0
1,12480,0.0
1,12481,0.0
1,12482,1.0
1,12483,1.0
1,12484,1.0
1,12485,0.0
1,12486,1.0
1,12487,0.0
1,12488,1.0
1,12489,0.0
1,12490,0.0
1,12491,0.0
1,12492,0.0
1,12493,1.0
1,12494,1.0
1,12495,0.0
1,12496,0.0
1,12497,0.0
1,12498,1.0
1,12499,0.0
1,12500,0.0
1,12502,0.0
1,12503,0.0
1,12504,1.0
1,12505,0.0
1,12506,0.0
1,12507,0.0
1,12508,0.0
1,12509,1.0
1,12510,0.0
1,12511,0.0
1,12512,0.0
1,12513,0.0
1,12514,0.0
1,12516,1.0
1,12517,0.0
1,12518,1.0
1,12520,1.0
1,12521,0.0
1,12522,0.0
1,12523,0.0
1,12524,1.0
1,12525,0.0
1,12526,0.0
1,12527,0.0
1,12528,0.0
1,12529,0.0
1,12530,0.0
1,12531,0.0
1,12532,0.0
1,12533,0.0
1,12534,0.0
1,12535,0.0
1,12536,0.0
1,12537,0.0
1,12538,0.0
1,12539,0.0
1,12540,0.0
1,12541,1.0
1,12543,0.0
1,12544,0.0
1,12545,0.0
1,12546,1.0
1,12547,1.0
1,12548,0.0
1,12549,0.0
1,12550,0.0
1,12551,1.0
1,12552,0.0
1,12553,0.0
1,12554,0.0
1,12555,0.0
1,12556,0.0
1,12557,1.0
1,12558,1.0
1,12559,0.0
1,12560,1.0
1,12561,0.0
1,12562,0.0
1,12563,0.0
1,12564,0.0
1,12565,0.0
1,12566,0.0
1,12567,0.0
1,12568,0.0
1,12569,1.0
1,12570,0.0
1,12571,0.0
1,12572,1.0
1,12573,0.0
1,12574,0.0
1,12575,0.0
1,12576,1.0
1,12577,1.0
1,12578,0.0
1,12579,0.0
1,12580,1.0
1,12581,1.0
1,12582,0.0
1,12583,0.0
1,12584,0.0
1,12585,0.0
1,12586,0.0
1,12587,1.0
1,12588,0.0
1,12589,0.0
1,12590,0.0
1,12591,1.0
1,12592,0.0
1,12593,0.0
1,12594,0.0
1,12595,0.0
1,12596,0.0
1,12597,0.0
1,12598,1.0
1,12599,0.0
1,12600,0.0
1,12601,1.0
1,12602,0.0
1,12603,0.0
1,12604,0.0
1,12605,0.0
1,12606,0.0
1,12607,0.0
1,12608,0.0
1,12609,0.0
1,12610,0.0
1,12611,0.0
1,12612,0.0
1,12613,0.0
1,12614,1.0
1,12616,1.0
1,12617,0.0
1,12618,0.0
1,12619,0.0
1,12620,1.0
1,12621,0.0
1,12622,0.0
1,12623,1.0
1,12624,0.0
1,12625,0.0
1,12626,0.0
1,12627,0.0
1,12628,0.0
1,12629,1.0
1,12631,0.0
1,12632,1.0
1,12633,0.0
1,12634,0.0
1,12636,1.0
1,12637,0.0
1,12639,0.0
1,12640,0.0
1,12641,0.0
1,12642,1.0
1,12643,0.0
1,12644,0.0
1,12645,1.0
1,12646,0.0
1,12648,0.0
1,12649,0.0
1,12650,1.0
1,12651,0.0
1,12652,0.0
1,12653,0.0
1,12654,1.0
1,12655,1.0
1,12656,1.0
1,12657,0.0
1,12658,0.0
1,12659,0.0
1,12660,0.0
1,12661,0.0
1,12662,1.0
1,12663,0.0
1,12664,0.0
1,12665,0.0
1,12666,0.0
1,12667,0.0
1,12668,1.0
1,12669,1.0
1,12670,1.0
1,12671,1.0
1,12672,0.0
1,12673,1.0
1,12675,1.0
1,12676,0.0
1,12677,1.0
1,12678,0.0
1,12679,1.0
1,12680,0.0
1,12681,1.0
1,12682,0.0
1,12684,1.0
1,12685,1.0
1,12686,1.0
1,12687,0.0
1,12688,0.0
1,12689,0.0
1,12690,1.0
1,12691,0.0
1,12692,0.0
1,12693,0.0
1,12694,0.0
1,12695,0.0
1,12696,1.0
1,12697,0.0
1,12698,1.0
1,12699,0.0
1,12700,0.0
1,12701,0.0
1,12702,0.0
1,12703,1.0
1,12704,0.0
1,12705,0.0
1,12706,0.0
1,12707,0.0
1,12708,0.0
1,12709,0.0
1,12710,0.0
1,12711,0.0
1,12712,0.0
1,12713,1.0
1,12714,0.0
1,12715,0.0
1,12716,0.0
1,12717,0.0
1,12718,0.0
1,12719,0.0
1,12720,1.0
1,12721,1.0
1,12722,0.0
1,12723,0.0
1,12724,0.0
1,12725,0.0
1,12726,0.0
1,12727,0.0
1,12728,0.0
1,12729,0.0
1,12730,1.0
1,12731,1.0
1,12732,1.0
1,12733,0.0
1,12734,0.0
1,12735,0.0
1,12736,1.0
1,12737,0.0
1,12738,0.0
1,12739,0.0
1,12740,1.0
1,12741,0.0
1,12742,0.0
1,12743,0.0
1,12744,0.0
1,12745,0.0
1,12746,0.0
1,12747,0.0
1,12748,0.0
1,12749,0.0
1,12750,0.0
1,12751,0.0
1,12752,0.0
1,12753,0.0
1,12754,0.0
1,12755,0.0
1,12756,0.0
1,12757,0.0
1,12758,0.0
1,12760,1.0
1,12761,0.0
1,12762,0.0
1,12763,0.0
1,12764,1.0
1,12765,0.0
1,12766,0.0
1,12767,0.0
1,12768,1.0
1,12769,0.0
1,12770,0.0
1,12771,0.0
1,12772,1.0
1,12773,0.0
1,12774,0.0
1,12775,0.0
1,12776,0.0
1,12777,0.0
1,12778,0.0
1,12779,0.0
1,12781,0.0
1,12782,0.0
1,12783,0.0
1,12784,1.0
1,12785,1.0
1,12786,0.0
1,12787,0.0
1,12788,1.0
1,12789,0.0
1,12790,0.0
1,12791,0.0
1,12792,0.0
1,12793,1.0
1,12794,1.0
1,12795,0.0
1,12796,0.0
1,12797,0.0
1,12798,1.0
1,12799,0.0
1,12801,0.0
1,12802,1.0
1,12803,0.0
1,12805,0.0
1,12806,0.0
1,12807,0.0
1,12808,1.0
1,12809,0.0
1,12810,0.0
1,12811,0.0
1,12812,1.0
1,12813,0.0
1,12814,0.0
1,12816,1.0
1,12817,0.0
1,12818,0.0
1,12819,0.0
1,12820,0.0
1,12821,0.0
1,12822,1.0
1,12823,0.0
1,12824,1.0
1,12825,0.0
1,12826,0.0
1,12827,0.0
1,12828,1.0
1,12829,1.0
1,12830,0.0
1,12831,0.0
1,12832,0.0
1,12833,1.0
1,12834,0.0
1,12835,1.0
1,12836,1.0
1,12837,0.0
1,12838,1.0
1,12839,0.0
1,12840,0.0
1,12841,1.0
1,12842,0.0
1,12843,1.0
1,12844,1.0
1,12845,1.0
1,12847,1.0
1,12848,1.0
1,12849,0.0
1,12851,0.0
1,12852,0.0
1,12853,0.0
1,12854,0.0
1,12855,0.0
1,12856,1.0
1,12857,1.0
1,12858,0.0
1,12859,0.0
1,12860,0.0
1,12861,0.0
1,12862,1.0
1,12863,0.0
1,12864,0.0
1,12865,0.0
1,12866,0.0
1,12867,0.0
1,12868,0.0
1,12869,1.0
1,12870,0.0
1,12871,1.0
1,12872,0.0
1,12873,0.0
1,12874,0.0
1,12875,0.0
1,12876,0.0
1,12877,0.0
1,12878,0.0
1,12879,1.0
1,12880,1.0
1,12881,0.0
1,12882,0.0
1,12883,0.0
1,12884,0.0
1,12885,0.0
1,12886,0.0
1,12887,1.0
1,12888,0.0
1,12889,0.0
1,12890,1.0
1,12891,0.0
1,12892,0.0
1,12893,1.0
1,12894,0.0
1,12895,0.0
1,12896,0.0
1,12897,0.0
1,12898,0.0
1,12899,0.0
1,12900,1.0
1,12901,0.0
1,12902,1.0
1,12903,0.0
1,12904,0.0
1,12905,0.0
1,12906,0.0
1,12908,0.0
1,12909,0.0
1,12910,0.0
1,12911,1.0
1,12912,1.0
1,12913,0.0
1,12914,1.0
1,12915,0.0
1,12916,0.0
1,12917,1.0
1,12918,0.0
1,12919,0.0
1,12920,0.0
1,12921,0.0
1,12922,0.0
1,12923,1.0
1,12924,1.0
1,12925,0.0
1,12926,0.0
1,12927,1.0
1,12928,1.0
1,12929,0.0
1,12930,1.0
1,12931,0.0
1,12932,0.0
1,12934,0.0
1,12935,0.0
1,12936,0.0
1,12937,1.0
1,12938,1.0
1,12939,0.0
1,12940,0.0
1,12941,0.0
1,12942,1.0
1,12943,1.0
1,12944,1.0
1,12945,1.0
1,12946,1.0
1,12947,0.0
1,12948,0.0
1,12949,0.0
1,12950,0.0
1,12951,0.0
1,12952,0.0
1,12953,0.0
1,12955,1.0
1,12956,1.0
1,12957,1.0
1,12958,0.0
1,12959,0.0
1,12960,0.0
1,12961,0.0
1,12962,1.0
1,12963,0.0
1,12964,0.0
1,12965,0.0
1,12966,1.0
1,12967,1.0
1,12968,0.0
1,12969,1.0
1,12970,0.0
1,12971,1.0
1,12972,1.0
1,12973,0.0
1,12975,1.0
1,12976,0.0
1,12977,1.0
1,12978,1.0
1,12979,0.0
1,12980,0.0
1,12982,0.0
1,12983,0.0
1,12984,0.0
1,12985,1.0
1,12986,0.0
1,12987,0.0
1,12988,1.0
1,12989,0.0
1,12990,0.0
1,12991,0.0
1,12992,0.0
1,12993,0.0
1,12994,1.0
1,12995,0.0
1,12996,0.0
1,12997,0.0
1,12998,0.0
1,12999,0.0
1,13000,0.0
1,13001,0.0
1,13002,0.0
1,13003,1.0
1,13004,0.0
1,13005,0.0
1,13006,0.0
1,13007,0.0
1,13008,1.0
1,13009,0.0
1,13010,0.0
1,13011,0.0
1,13012,0.0
1,13013,0.0
1,13014,0.0
1,13015,0.0
1,13016,0.0
1,13017,0.0
1,13018,0.0
1,13019,0.0
1,13020,0.0
1,13021,0.0
1,13022,0.0
1,13023,0.0
1,13024,1.0
1,13025,0.0
1,13026,0.0
1,13027,1.0
1,13028,0.0
1,13029,1.0
1,13030,0.0
1,13031,0.0
1,13032,0.0
1,13035,0.0
1,13036,1.0
1,13037,0.0
1,13038,1.0
1,13039,0.0
1,13040,1.0
1,13041,1.0
1,13042,1.0
1,13043,1.0
1,13044,0.0
1,13045,0.0
1,13046,1.0
1,13047,0.0
1,13048,0.0
1,13049,0.0
1,13050,0.0
1,13051,1.0
1,13052,0.0
1,13053,0.0
1,13054,0.0
1,13055,1.0
1,13056,0.0
1,13057,0.0
1,13059,1.0
1,13060,1.0
1,13061,1.0
1,13062,0.0
1,13063,1.0
1,13064,0.0
1,13065,0.0
1,13066,1.0
1,13067,0.0
1,13068,0.0
1,13069,0.0
1,13070,0.0
1,13071,0.0
1,13072,0.0
1,13073,1.0
1,13074,0.0
1,13075,0.0
1,13076,0.0
1,13077,0.0
1,13078,0.0
1,13079,0.0
1,13080,0.0
1,13081,0.0
1,13082,0.0
1,13083,1.0
1,13084,0.0
1,13085,1.0
1,13086,0.0
1,13087,0.0
1,13089,0.0
1,13090,1.0
1,13091,0.0
1,13092,0.0
1,13093,1.0
1,13094,0.0
1,13095,1.0
1,13096,1.0
1,13097,0.0
1,13098,0.0
1,13099,0.0
1,13100,0.0
1,13101,0.0
1,13102,1.0
1,13103,0.0
1,13104,1.0
1,13105,0.0
1,13106,0.0
1,13107,1.0
1,13108,0.0
1,13109,0.0
1,13110,0.0
1,13111,0.0
1,13112,0.0
1,13113,1.0
1,13114,0.0
1,13115,0.0
1,13116,0.0
1,13117,1.0
1,13118,1.0
1,13119,0.0
1,13120,0.0
1,13122,1.0
1,13123,1.0
1,13124,1.0
1,13125,0.0
1,13126,0.0
1,13127,0.0
1,13128,1.0
1,13129,0.0
1,13130,0.0
1,13131,1.0
1,13132,0.0
1,13133,1.0
1,13134,0.0
1,13135,0.0
1,13136,0.0
1,13137,1.0
1,13138,0.0
1,13139,0.0
1,13140,1.0
1,13141,0.0
1,13142,0.0
1,13143,0.0
1,13144,0.0
1,13145,1.0
1,13146,0.0
1,13147,0.0
1,13148,0.0
1,13149,1.0
1,13150,0.0
1,13151,0.0
1,13152,0.0
1,13153,0.0
1,13154,0.0
1,13155,0.0
1,13156,0.0
1,13157,1.0
1,13158,0.0
1,13159,0.0
1,13160,1.0
1,13161,0.0
1,13162,0.0
1,13163,0.0
1,13164,1.0
1,13165,1.0
1,13166,0.0
1,13167,0.0
1,13168,0.0
1,13169,1.0
1,13170,1.0
1,13171,1.0
1,13172,0.0
1,13173,0.0
1,13175,0.0
1,13176,0.0
1,13177,0.0
1,13178,0.0
1,13179,0.0
1,13180,0.0
1,13181,0.0
1,13182,1.0
1,13183,0.0
1,13184,0.0
1,13185,1.0
1,13186,1.0
1,13187,0.0
1,13188,1.0
1,13189,0.0
1,13190,1.0
1,13192,1.0
1,13193,0.0
1,13194,0.0
1,13196,0.0
1,13197,0.0
1,13198,0.0
1,13199,1.0
1,13200,0.0
1,13201,0.0
1,13202,0.0
1,13203,0.0
1,13204,0.0
1,13205,0.0
1,13206,0.0
1,13207,1.0
1,13208,1.0
1,13209,0.0
1,13210,0.0
1,13211,0.0
1,13212,0.0
1,13213,0.0
1,13214,0.0
1,13215,0.0
1,13216,0.0
1,13217,1.0
1,13218,1.0
1,13219,0.0
1,13220,0.0
1,13221,0.0
1,13222,0.0
1,13223,0.0
1,13224,0.0
1,13225,0.0
1,13226,1.0
1,13227,0.0
1,13228,0.0
1,13229,1.0
1,13230,0.0
1,13231,1.0
1,13232,0.0
1,13233,1.0
1,13234,0.0
1,13235,0.0
1,13236,0.0
1,13237,1.0
1,13238,1.0
1,13239,0.0
1,13240,1.0
1,13241,0.0
1,13242,0.0
1,13244,0.0
1,13245,0.0
1,13246,1.0
1,13247,0.0
1,13248,1.0
1,13249,1.0
1,13250,1.0
1,13251,1.0
1,13252,0.0
1,13253,0.0
1,13254,1.0
1,13255,1.0
1,13257,0.0
1,13258,1.0
1,13259,0.0
1,13261,0.0
1,13262,0.0
1,13263,0.0
1,13264,0.0
1,13265,0.0
1,13266,0.0
1,13267,0.0
1,13268,0.0
1,13269,0.0
1,13270,0.0
1,13271,0.0
1,13272,0.0
1,13273,0.0
1,13274,0.0
1,13276,0.0
1,13277,0.0
1,13279,0.0
1,13280,0.0
1,13281,0.0
1,13283,0.0
1,13284,0.0
1,13285,0.0
1,13286,0.0
1,13287,0.0
1,13288,0.0
1,13289,1.0
1,13290,0.0
1,13291,0.0
1,13292,0.0
1,13293,0.0
1,13294,0.0
1,13295,0.0
1,13296,1.0
1,13297,0.0
1,13298,0.0
1,13299,0.0
1,13300,0.0
1,13301,1.0
1,13302,0.0
1,13303,1.0
1,13304,0.0
1,13305,0.0
1,13306,0.0
1,13307,0.0
1,13308,1.0
1,13310,0.0
1,13311,0.0
1,13312,1.0
1,13313,0.0
1,13314,0.0
1,13315,0.0
1,13316,0.0
1,13317,0.0
1,13318,0.0
1,13319,1.0
1,13320,0.0
1,13321,1.0
1,13322,0.0
1,13323,0.0
1,13324,0.0
1,13325,0.0
1,13326,0.0
1,13327,1.0
1,13328,0.0
1,13329,1.0
1,13330,0.0
1,13331,0.0
1,13332,0.0
1,13333,0.0
1,13334,0.0
1,13335,0.0
1,13336,0.0
1,13337,0.0
1,13338,1.0
1,13339,0.0
1,13340,0.0
1,13341,1.0
1,13342,0.0
1,13343,1.0
1,13344,0.0
1,13345,0.0
1,13346,0.0
1,13347,0.0
1,13348,0.0
1,13349,1.0
1,13350,1.0
1,13351,1.0
1,13352,0.0
1,13353,0.0
1,13354,1.0
1,13355,1.0
1,13358,0.0
1,13359,0.0
1,13360,1.0
1,13361,0.0
1,13362,0.0
1,13363,0.0
1,13364,0.0
1,13365,1.0
1,13366,0.0
1,13367,1.0
1,13368,0.0
1,13369,0.0
1,13370,0.0
1,13371,0.0
1,13372,0.0
1,13373,0.0
1,13374,0.0
1,13375,0.0
1,13376,0.0
1,13377,0.0
1,13378,0.0
1,13379,0.0
1,13380,0.0
1,13381,1.0
1,13382,1.0
1,13383,0.0
1,13384,0.0
1,13385,0.0
1,13386,0.0
1,13387,0.0
1,13388,0.0
1,13389,0.0
1,13390,0.0
1,13391,0.0
1,13392,0.0
1,13394,0.0
1,13395,0.0
1,13396,0.0
1,13397,1.0
1,13398,1.0
1,13399,1.0
1,13400,0.0
1,13401,1.0
1,13402,1.0
1,13403,1.0
1,13404,0.0
1,13406,1.0
1,13407,0.0
1,13408,0.0
1,13409,0.0
1,13410,0.0
1,13411,0.0
1,13412,1.0
1,13413,0.0
1,13414,0.0
1,13416,0.0
1,13417,0.0
1,13418,1.0
1,13419,0.0
1,13420,0.0
1,13421,1.0
1,13422,1.0
1,13423,1.0
1,13424,0.0
1,13425,1.0
1,13426,1.0
1,13427,0.0
1,13428,1.0
1,13429,0.0
1,13430,0.0
1,13431,0.0
1,13432,0.0
1,13433,0.0
1,13434,0.0
1,13435,1.0
1,13436,1.0
1,13437,1.0
1,13438,1.0
1,13439,1.0
1,13440,1.0
1,13441,0.0
1,13442,0.0
1,13443,0.0
1,13444,1.0
1,13445,0.0
1,13446,0.0
1,13447,0.0
1,13448,1.0
1,13449,1.0
1,13450,0.0
1,13451,0.0
1,13452,0.0
1,13453,0.0
1,13454,0.0
1,13455,0.0
1,13456,1.0
1,13457,0.0
1,13458,0.0
1,13459,0.0
1,13460,1.0
1,13461,1.0
1,13462,1.0
1,13463,0.0
1,13464,1.0
1,13465,1.0
1,13467,0.0
1,13468,0.0
1,13469,1.0
1,13470,0.0
1,13471,1.0
1,13472,0.0
1,13473,0.0
1,13474,0.0
1,13475,0.0
1,13476,0.0
1,13477,0.0
1,13478,0.0
1,13479,0.0
1,13481,0.0
1,13482,0.0
1,13483,0.0
1,13484,0.0
1,13485,0.0
1,13486,0.0
1,13487,0.0
1,13488,0.0
1,13489,0.0
1,13490,1.0
1,13491,0.0
1,13492,0.0
1,13493,1.0
1,13494,1.0
1,13495,0.0
1,13496,0.0
1,13497,1.0
1,13498,1.0
1,13499,0.0
1,13500,0.0
1,13501,0.0
1,13502,0.0
1,13503,0.0
1,13504,0.0
1,13505,0.0
1,13506,1.0
1,13507,0.0
1,13508,0.0
1,13509,1.0
1,13510,0.0
1,13511,0.0
1,13512,1.0
1,13513,0.0
1,13514,0.0
1,13515,0.0
1,13517,0.0
1,13518,0.0
1,13519,0.0
1,13520,0.0
1,13521,0.0
1,13522,0.0
1,13523,0.0
1,13524,0.0
1,13525,1.0
1,13526,0.0
1,13527,0.0
1,13528,0.0
1,13529,0.0
1,13530,0.0
1,13531,0.0
1,13532,0.0
1,13534,0.0
1,13535,0.0
1,13536,1.0
1,13537,0.0
1,13538,0.0
1,13539,1.0
1,13540,1.0
1,13541,0.0
1,13542,1.0
1,13543,0.0
1,13544,1.0
1,13545,0.0
1,13546,0.0
1,13547,0.0
1,13548,0.0
1,13549,0.0
1,13550,0.0
1,13551,0.0
1,13552,1.0
1,13553,0.0
1,13554,0.0
1,13555,0.0
1,13556,0.0
1,13557,0.0
1,13558,0.0
1,13559,1.0
1,13560,1.0
1,13561,0.0
1,13562,0.0
1,13564,0.0
1,13565,0.0
1,13566,0.0
1,13567,0.0
1,13568,0.0
1,13569,0.0
1,13570,0.0
1,13571,0.0
1,13572,1.0
1,13574,0.0
1,13575,0.0
1,13576,1.0
1,13577,0.0
1,13578,0.0
1,13579,0.0
1,13580,0.0
1,13581,0.0
1,13582,1.0
1,13583,0.0
1,13584,1.0
1,13585,0.0
1,13586,0.0
1,13588,0.0
1,13589,0.0
1,13590,1.0
1,13591,0.0
1,13592,0.0
1,13593,0.0
1,13594,0.0
1,13595,0.0
1,13597,0.0
1,13598,0.0
1,13599,1.0
1,13600,0.0
1,13601,0.0
1,13602,1.0
1,13603,1.0
1,13604,0.0
1,13605,0.0
1,13606,0.0
1,13607,1.0
1,13608,0.0
1,13610,1.0
1,13611,0.0
1,13612,0.0
1,13613,0.0
1,13614,1.0
1,13615,0.0
1,13616,1.0
1,13617,0.0
1,13618,0.0
1,13619,1.0
1,13620,0.0
1,13621,0.0
1,13622,0.0
1,13623,0.0
1,13624,0.0
1,13625,0.0
1,13626,0.0
1,13628,0.0
1,13629,0.0
1,13630,0.0
1,13631,1.0
1,13632,1.0
1,13633,0.0
1,13634,0.0
1,13635,1.0
1,13637,0.0
1,13638,1.0
1,13639,0.0
1,13640,1.0
1,13641,1.0
1,13642,0.0
1,13643,1.0
1,13644,0.0
1,13645,0.0
1,13646,0.0
1,13647,0.0
1,13648,1.0
1,13649,0.0
1,13650,1.0
1,13651,0.0
1,13652,0.0
1,13653,0.0
1,13654,1.0
1,13656,0.0
1,13657,1.0
1,13658,0.0
1,13659,0.0
1,13660,0.0
1,13661,0.0
1,13662,0.0
1,13663,0.0
1,13664,0.0
1,13665,0.0
1,13666,0.0
1,13667,0.0
1,13668,0.0
1,13669,0.0
1,13670,0.0
1,13671,0.0
1,13672,1.0
1,13673,0.0
1,13674,0.0
1,13675,1.0
1,13676,1.0
1,13677,0.0
1,13678,0.0
1,13679,0.0
1,13680,0.0
1,13681,0.0
1,13682,0.0
1,13683,0.0
1,13684,0.0
1,13685,1.0
1,13686,1.0
1,13687,0.0
1,13688,1.0
1,13689,0.0
1,13690,0.0
1,13691,0.0
1,13692,1.0
1,13693,0.0
1,13694,0.0
1,13695,1.0
1,13696,0.0
1,13697,1.0
1,13698,1.0
1,13699,0.0
1,13700,1.0
1,13701,0.0
1,13702,0.0
1,13704,0.0
1,13705,0.0
1,13706,0.0
1,13707,0.0
1,13708,1.0
1,13709,1.0
1,13710,0.0
1,13711,1.0
1,13712,0.0
1,13713,0.0
1,13714,1.0
1,13715,0.0
1,13716,1.0
1,13717,0.0
1,13718,0.0
1,13719,0.0
1,13720,0.0
1,13721,0.0
1,13723,1.0
1,13724,0.0
1,13725,1.0
1,13726,0.0
1,13727,1.0
1,13728,1.0
1,13729,0.0
1,13730,0.0
1,13731,0.0
1,13732,0.0
1,13733,0.0
1,13734,1.0
1,13735,1.0
1,13736,1.0
1,13737,1.0
1,13738,0.0
1,13739,0.0
1,13740,0.0
1,13741,0.0
1,13742,0.0
1,13743,0.0
1,13744,1.0
1,13745,0.0
1,13746,0.0
1,13747,0.0
1,13748,0.0
1,13749,0.0
1,13750,1.0
1,13751,1.0
1,13752,0.0
1,13753,1.0
1,13754,0.0
1,13755,0.0
1,13756,0.0
1,13757,0.0
1,13758,0.0
1,13759,1.0
1,13760,0.0
1,13761,0.0
1,13762,1.0
1,13763,1.0
1,13764,0.0
1,13765,1.0
1,13766,0.0
1,13767,0.0
1,13768,1.0
1,13769,0.0
1,13770,1.0
1,13771,1.0
1,13772,0.0
1,13773,0.0
1,13774,1.0
1,13775,0.0
1,13776,0.0
1,13777,0.0
1,13778,0.0
1,13779,0.0
1,13780,0.0
1,13781,1.0
1,13782,0.0
1,13783,1.0
1,13784,0.0
1,13785,0.0
1,13786,0.0
1,13787,0.0
1,13789,0.0
1,13790,0.0
1,13791,0.0
1,13792,0.0
1,13793,0.0
1,13794,1.0
1,13795,0.0
1,13796,0.0
1,13797,1.0
1,13798,0.0
1,13799,1.0
1,13800,1.0
1,13801,1.0
1,13802,0.0
1,13803,0.0
1,13804,0.0
1,13805,0.0
1,13806,0.0
1,13807,0.0
1,13808,0.0
1,13809,1.0
1,13810,1.0
1,13811,0.0
1,13812,0.0
1,13813,0.0
1,13814,0.0
1,13815,0.0
1,13816,0.0
1,13817,1.0
1,13818,0.0
1,13820,0.0
1,13821,1.0
1,13822,0.0
1,13823,0.0
1,13824,1.0
1,13825,0.0
1,13826,0.0
1,13827,0.0
1,13828,0.0
1,13830,0.0
1,13831,0.0
1,13832,1.0
1,13833,0.0
1,13834,1.0
1,13835,0.0
1,13836,0.0
1,13837,0.0
1,13838,0.0
1,13839,0.0
1,13840,0.0
1,13841,0.0
1,13842,1.0
1,13843,1.0
1,13844,1.0
1,13845,0.0
1,13846,0.0
1,13848,0.0
1,13849,1.0
1,13851,1.0
1,13852,1.0
1,13853,1.0
1,13854,0.0
1,13855,0.0
1,13856,0.0
1,13857,0.0
1,13858,0.0
1,13859,0.0
1,13860,1.0
1,13861,1.0
1,13862,0.0
1,13863,1.0
1,13864,1.0
1,13865,0.0
1,13866,0.0
1,13867,1.0
1,13868,0.0
1,13869,1.0
1,13870,0.0
1,13871,0.0
1,13872,0.0
1,13873,1.0
1,13874,1.0
1,13875,1.0
1,13876,0.0
1,13877,0.0
1,13878,0.0
1,13879,0.0
1,13880,0.0
1,13881,1.0
1,13882,0.0
1,13883,0.0
1,13884,1.0
1,13885,0.0
1,13886,0.0
1,13887,1.0
1,13888,0.0
1,13889,0.0
1,13890,0.0
1,13891,1.0
1,13892,0.0
1,13893,0.0
1,13894,0.0
1,13895,1.0
1,13896,0.0
1,13897,0.0
1,13898,1.0
1,13899,0.0
1,13900,0.0
1,13901,0.0
1,13902,1.0
1,13903,1.0
1,13904,0.0
1,13905,0.0
1,13906,0.0
1,13907,1.0
1,13908,0.0
1,13909,0.0
1,13910,0.0
1,13911,0.0
1,13912,0.0
1,13913,0.0
1,13914,1.0
1,13915,1.0
1,13916,0.0
1,13917,1.0
1,13918,1.0
1,13919,1.0
1,13920,0.0
1,13921,0.0
1,13922,0.0
1,13923,1.0
1,13924,1.0
1,13925,0.0
1,13926,1.0
1,13927,0.0
1,13928,0.0
1,13929,1.0
1,13930,0.0
1,13932,1.0
1,13933,0.0
1,13935,0.0
1,13936,0.0
1,13937,1.0
1,13938,1.0
1,13939,0.0
1,13940,0.0
1,13941,0.0
1,13942,1.0
1,13943,0.0
1,13944,0.0
1,13945,0.0
1,13946,0.0
1,13948,0.0
1,13949,1.0
1,13950,0.0
1,13951,0.0
1,13952,1.0
1,13953,0.0
1,13954,0.0
1,13955,0.0
1,13956,0.0
1,13957,0.0
1,13958,0.0
1,13959,1.0
1,13960,0.0
1,13961,0.0
1,13962,0.0
1,13963,0.0
1,13964,1.0
1,13965,0.0
1,13966,0.0
1,13967,0.0
1,13968,0.0
1,13969,0.0
1,13970,0.0
1,13971,0.0
1,13972,0.0
1,13973,0.0
1,13974,0.0
1,13975,0.0
1,13976,1.0
1,13977,0.0
1,13978,1.0
1,13979,0.0
1,13980,0.0
1,13981,0.0
1,13982,0.0
1,13983,0.0
1,13984,1.0
1,13985,0.0
1,13986,0.0
1,13987,0.0
1,13988,1.0
1,13989,1.0
1,13990,0.0
1,13991,1.0
1,13992,0.0
1,13993,0.0
1,13994,1.0
1,13995,1.0
1,13996,0.0
1,13997,1.0
1,13998,0.0
1,13999,0.0
1,14000,0.0
1,14001,0.0
1,14002,0.0
1,14003,0.0
1,14004,1.0
1,14005,0.0
1,14006,0.0
1,14007,0.0
1,14008,0.0
1,14009,0.0
1,14010,0.0
1,14011,1.0
1,14012,1.0
1,14013,0.0
1,14014,0.0
1,14015,1.0
1,14016,0.0
1,14017,1.0
1,14018,0.0
1,14019,0.0
1,14020,0.0
1,14021,1.0
1,14023,0.0
1,14024,0.0
1,14025,1.0
1,14027,0.0
1,14028,0.0
1,14029,1.0
1,14030,0.0
1,14031,0.0
1,14032,1.0
1,14033,0.0
1,14034,0.0
1,14035,1.0
1,14036,0.0
1,14037,1.0
1,14038,0.0
1,14039,0.0
1,14040,1.0
1,14041,1.0
1,14042,0.0
1,14043,0.0
1,14044,0.0
1,14045,0.0
1,14046,1.0
1,14047,0.0
1,14048,0.0
1,14049,0.0
1,14050,0.0
1,14051,0.0
1,14052,1.0
1,14053,1.0
1,14054,1.0
1,14055,0.0
1,14056,0.0
1,14057,1.0
1,14058,0.0
1,14059,1.0
1,14060,1.0
1,14063,1.0
1,14064,1.0
1,14065,0.0
1,14066,0.0
1,14067,0.0
1,14068,0.0
1,14069,1.0
1,14070,0.0
1,14071,0.0
1,14072,0.0
1,14074,0.0
1,14075,0.0
1,14076,1.0
1,14077,0.0
1,14078,0.0
1,14079,1.0
1,14080,1.0
1,14081,0.0
1,14082,0.0
1,14083,1.0
1,14084,0.0
1,14085,0.0
1,14086,1.0
1,14087,0.0
1,14088,0.0
1,14089,1.0
1,14090,0.0
1,14091,0.0
1,14092,0.0
1,14093,0.0
1,14094,1.0
1,14095,1.0
1,14096,0.0
1,14097,0.0
1,14098,0.0
1,14099,1.0
1,14100,0.0
1,14101,0.0
1,14102,0.0
1,14103,0.0
1,14104,1.0
1,14105,0.0
1,14106,1.0
1,14107,0.0
1,14108,0.0
1,14109,0.0
1,14110,0.0
1,14111,0.0
1,14112,1.0
1,14113,0.0
1,14114,1.0
1,14115,1.0
1,14117,0.0
1,14118,0.0
1,14119,0.0
1,14120,0.0
1,14121,1.0
1,14122,0.0
1,14123,0.0
1,14124,0.0
1,14125,1.0
1,14126,0.0
1,14127,1.0
1,14128,1.0
1,14129,0.0
1,14130,0.0
1,14131,0.0
1,14132,0.0
1,14133,0.0
1,14134,0.0
1,14135,1.0
1,14136,0.0
1,14137,0.0
1,14138,1.0
1,14139,0.0
1,14140,1.0
1,14141,1.0
1,14143,0.0
1,14144,0.0
1,14145,0.0
1,14146,1.0
1,14147,0.0
1,14148,0.0
1,14149,0.0
1,14150,0.0
1,14151,0.0
1,14152,0.0
1,14153,0.0
1,14154,0.0
1,14155,0.0
1,14156,0.0
1,14158,0.0
1,14159,1.0
1,14161,1.0
1,14162,1.0
1,14163,0.0
1,14164,0.0
1,14165,0.0
1,14166,1.0
1,14167,0.0
1,14168,0.0
1,14169,0.0
1,14170,0.0
1,14172,0.0
1,14173,0.0
1,14174,0.0
1,14175,0.0
1,14176,0.0
1,14177,0.0
1,14178,0.0
1,14179,1.0
1,14180,0.0
1,14181,0.0
1,14182,0.0
1,14183,1.0
1,14184,0.0
1,14185,1.0
1,14186,1.0
1,14187,0.0
1,14188,0.0
1,14189,0.0
1,14190,0.0
1,14191,0.0
1,14192,1.0
1,14193,0.0
1,14195,0.0
1,14196,0.0
1,14197,0.0
1,14198,1.0
1,14199,1.0
1,14200,1.0
1,14201,0.0
1,14202,0.0
1,14203,0.0
1,14204,0.0
1,14205,1.0
1,14206,1.0
1,14208,0.0
1,14209,0.0
1,14210,0.0
1,14211,1.0
1,14212,0.0
1,14213,1.0
1,14214,0.0
1,14215,0.0
1,14216,0.0
1,14217,1.0
1,14218,0.0
1,14219,0.0
1,14220,1.0
1,14221,0.0
1,14222,0.0
1,14223,1.0
1,14224,0.0
1,14225,0.0
1,14226,0.0
1,14227,0.0
1,14228,0.0
1,14229,1.0
1,14230,1.0
1,14231,0.0
1,14232,0.0
1,14233,0.0
1,14234,0.0
1,14235,1.0
1,14237,0.0
1,14238,0.0
1,14239,0.0
1,14240,0.0
1,14241,0.0
1,14242,1.0
1,14243,0.0
1,14245,0.0
1,14246,0.0
1,14247,0.0
1,14248,0.0
1,14249,0.0
1,14250,1.0
1,14251,0.0
1,14252,1.0
1,14253,1.0
1,14254,1.0
1,14255,1.0
1,14256,0.0
1,14257,0.0
1,14258,0.0
1,14259,0.0
1,14260,1.0
1,14261,0.0
1,14262,0.0
1,14264,0.0
1,14265,0.0
1,14266,0.0
1,14267,0.0
1,14268,0.0
1,14269,0.0
1,14270,0.0
1,14271,0.0
1,14272,0.0
1,14273,0.0
1,14275,1.0
1,14276,0.0
1,14277,1.0
1,14278,1.0
1,14279,0.0
1,14280,0.0
1,14281,0.0
1,14282,0.0
1,14283,0.0
1,14284,1.0
1,14285,0.0
1,14286,1.0
1,14287,0.0
1,14288,0.0
1,14289,0.0
1,14290,0.0
1,14291,0.0
1,14292,0.0
1,14293,0.0
1,14294,0.0
1,14295,0.0
1,14296,0.0
1,14298,0.0
1,14299,0.0
1,14301,0.0
1,14302,0.0
1,14303,0.0
1,14304,0.0
1,14306,1.0
1,14307,0.0
1,14308,1.0
1,14309,0.0
1,14310,0.0
1,14311,0.0
1,14312,0.0
1,14313,1.0
1,14314,0.0
1,14315,0.0
1,14316,0.0
1,14317,0.0
1,14319,0.0
1,14320,1.0
1,14321,0.0
1,14322,0.0
1,14323,0.0
1,14324,0.0
1,14325,1.0
1,14326,0.0
1,14327,0.0
1,14328,0.0
1,14329,1.0
1,14330,0.0
1,14331,0.0
1,14332,0.0
1,14333,0.0
1,14334,1.0
1,14335,0.0
1,14336,0.0
1,14337,0.0
1,14338,0.0
1,14339,0.0
1,14340,0.0
1,14341,1.0
1,14342,1.0
1,14343,0.0
1,14344,1.0
1,14345,0.0
1,14346,0.0
1,14347,1.0
1,14348,1.0
1,14349,0.0
1,14350,1.0
1,14351,0.0
1,14352,1.0
1,14353,0.0
1,14354,1.0
1,14355,0.0
1,14356,0.0
1,14357,0.0
1,14358,0.0
1,14360,0.0
1,14361,0.0
1,14362,0.0
1,14363,0.0
1,14364,1.0
1,14365,0.0
1,14366,1.0
1,14367,0.0
1,14368,0.0
1,14369,0.0
1,14370,0.0
1,14371,0.0
1,14372,0.0
1,14373,0.0
1,14374,0.0
1,14375,1.0
1,14376,0.0
1,14377,0.0
1,14378,0.0
1,14379,0.0
1,14380,0.0
1,14381,0.0
1,14382,1.0
1,14383,1.0
1,14384,0.0
1,14386,0.0
1,14387,1.0
1,14388,1.0
1,14389,0.0
1,14390,1.0
1,14391,0.0
1,14392,0.0
1,14393,1.0
1,14394,0.0
1,14395,0.0
1,14397,1.0
1,14398,1.0
1,14399,0.0
1,14400,0.0
1,14401,0.0
1,14402,1.0
1,14403,1.0
1,14404,1.0
1,14405,1.0
1,14406,0.0
1,14407,0.0
1,14408,0.0
1,14409,1.0
1,14410,0.0
1,14411,0.0
1,14412,0.0
1,14413,0.0
1,14414,0.0
1,14415,0.0
1,14416,0.0
1,14417,0.0
1,14418,0.0
1,14419,0.0
1,14420,0.0
1,14421,0.0
1,14422,0.0
1,14423,0.0
1,14424,1.0
1,14425,0.0
1,14426,1.0
1,14427,0.0
1,14428,1.0
1,14429,0.0
1,14430,0.0
1,14431,0.0
1,14432,1.0
1,14433,0.0
1,14435,0.0
1,14436,1.0
1,14438,0.0
1,14439,0.0
1,14440,0.0
1,14442,0.0
1,14443,0.0
1,14444,1.0
1,14445,1.0
1,14446,0.0
1,14447,1.0
1,14448,0.0
1,14449,0.0
1,14450,0.0
1,14451,1.0
1,14452,0.0
1,14453,0.0
1,14454,1.0
1,14455,0.0
1,14456,1.0
1,14457,0.0
1,14458,0.0
1,14459,0.0
1,14460,0.0
1,14461,1.0
1,14462,0.0
1,14463,0.0
1,14464,0.0
1,14465,0.0
1,14466,0.0
1,14467,1.0
1,14468,0.0
1,14469,0.0
1,14470,1.0
1,14471,0.0
1,14472,0.0
1,14473,0.0
1,14474,0.0
1,14475,0.0
1,14478,1.0
1,14479,0.0
1,14481,0.0
1,14482,0.0
1,14483,1.0
1,14485,0.0
1,14487,0.0
1,14488,0.0
1,14489,0.0
1,14490,0.0
1,14491,0.0
1,14492,0.0
1,14493,0.0
1,14494,0.0
1,14495,1.0
1,14496,0.0
1,14497,0.0
1,14498,0.0
1,14499,1.0
1,14500,1.0
1,14501,0.0
1,14502,1.0
1,14503,0.0
1,14504,0.0
1,14505,0.0
1,14506,0.0
1,14507,1.0
1,14508,1.0
1,14509,0.0
1,14510,1.0
1,14511,1.0
1,14512,0.0
1,14513,0.0
1,14514,0.0
1,14515,0.0
1,14516,0.0
1,14517,0.0
1,14518,0.0
1,14519,0.0
1,14520,0.0
1,14521,0.0
1,14522,0.0
1,14523,0.0
1,14524,1.0
1,14525,0.0
1,14526,1.0
1,14527,0.0
1,14528,0.0
1,14529,1.0
1,14530,0.0
1,14531,0.0
1,14532,0.0
1,14533,0.0
1,14534,1.0
1,14535,1.0
1,14536,0.0
1,14537,0.0
1,14538,0.0
1,14539,0.0
1,14540,0.0
1,14541,0.0
1,14542,0.0
1,14543,0.0
1,14544,0.0
1,14545,0.0
1,14546,0.0
1,14547,1.0
1,14548,0.0
1,14549,0.0
1,14550,1.0
1,14551,0.0
1,14552,1.0
1,14553,1.0
1,14554,0.0
1,14555,1.0
1,14556,0.0
1,14557,0.0
1,14558,0.0
1,14559,0.0
1,14560,0.0
1,14561,1.0
1,14562,0.0
1,14563,0.0
1,14564,0.0
1,14565,1.0
1,14566,0.0
1,14567,0.0
1,14568,1.0
1,14569,0.0
1,14570,0.0
1,14571,0.0
1,14572,0.0
1,14573,0.0
1,14574,0.0
1,14575,1.0
1,14576,1.0
1,14577,0.0
1,14578,0.0
1,14579,1.0
1,14580,0.0
1,14581,0.0
1,14582,0.0
1,14583,0.0
1,14584,0.0
1,14585,0.0
1,14586,0.0
1,14588,1.0
1,14589,1.0
1,14591,1.0
1,14593,0.0
1,14594,0.0
1,14595,0.0
1,14596,1.0
1,14597,0.0
1,14598,1.0
1,14599,0.0
1,14600,0.0
1,14601,0.0
1,14602,0.0
1,14603,1.0
1,14604,0.0
1,14605,0.0
1,14606,0.0
1,14607,0.0
1,14608,1.0
1,14609,0.0
1,14610,1.0
1,14611,1.0
1,14613,0.0
1,14614,0.0
1,14615,0.0
1,14616,1.0
1,14617,0.0
1,14618,0.0
1,14619,0.0
1,14620,0.0
1,14622,0.0
1,14623,1.0
1,14624,1.0
1,14625,0.0
1,14626,1.0
1,14627,1.0
1,14628,0.0
1,14629,1.0
1,14630,0.0
1,14631,0.0
1,14632,0.0
1,14633,0.0
1,14634,0.0
1,14635,0.0
1,14636,1.0
1,14637,1.0
1,14638,0.0
1,14639,1.0
1,14640,1.0
1,14641,0.0
1,14642,0.0
1,14643,0.0
1,14644,0.0
1,14645,0.0
1,14647,1.0
1,14648,1.0
1,14649,0.0
1,14650,1.0
1,14651,0.0
1,14652,0.0
1,14653,0.0
1,14654,0.0
1,14655,0.0
1,14656,0.0
1,14657,1.0
1,14658,0.0
1,14659,0.0
1,14660,0.0
1,14661,0.0
1,14662,1.0
1,14663,1.0
1,14665,0.0
1,14667,0.0
1,14668,0.0
1,14669,0.0
1,14670,1.0
1,14672,0.0
1,14673,1.0
1,14674,1.0
1,14675,0.0
1,14676,0.0
1,14677,0.0
1,14679,0.0
1,14680,0.0
1,14681,1.0
1,14682,0.0
1,14683,0.0
1,14684,0.0
1,14685,0.0
1,14686,1.0
1,14687,0.0
1,14688,1.0
1,14689,0.0
1,14690,0.0
1,14691,0.0
1,14692,1.0
1,14693,0.0
1,14694,0.0
1,14695,0.0
1,14696,1.0
1,14697,0.0
1,14698,0.0
1,14699,0.0
1,14700,0.0
1,14701,1.0
1,14702,1.0
1,14704,0.0
1,14705,0.0
1,14706,0.0
1,14707,0.0
1,14708,1.0
1,14709,0.0
1,14710,0.0
1,14711,0.0
1,14712,0.0
1,14713,0.0
1,14714,1.0
1,14715,0.0
1,14716,0.0
1,14717,0.0
1,14718,1.0
1,14720,0.0
1,14721,0.0
1,14722,0.0
1,14723,1.0
1,14724,1.0
1,14725,0.0
1,14726,0.0
1,14727,0.0
1,14728,0.0
1,14729,1.0
1,14730,0.0
1,14731,0.0
1,14732,0.0
1,14733,0.0
1,14734,0.0
1,14735,0.0
1,14736,0.0
1,14737,0.0
1,14738,0.0
1,14739,0.0
1,14740,1.0
1,14741,0.0
1,14742,0.0
1,14743,0.0
1,14744,0.0
1,14745,0.0
1,14746,0.0
1,14747,0.0
1,14748,0.0
1,14749,0.0
1,14750,0.0
1,14751,0.0
1,14752,0.0
1,14753,0.0
1,14754,0.0
1,14755,0.0
1,14756,1.0
1,14757,1.0
1,14758,0.0
1,14759,0.0
1,14760,0.0
1,14761,1.0
1,14762,0.0
1,14763,0.0
1,14764,1.0
1,14765,0.0
1,14766,1.0
1,14767,0.0
1,14768,1.0
1,14769,0.0
1,14770,0.0
1,14771,0.0
1,14772,0.0
1,14774,0.0
1,14775,0.0
1,14776,0.0
1,14777,0.0
1,14778,0.0
1,14780,0.0
1,14781,1.0
1,14782,0.0
1,14783,0.0
1,14784,1.0
1,14785,0.0
1,14786,0.0
1,14787,0.0
1,14788,0.0
1,14789,1.0
1,14790,1.0
1,14791,1.0
1,14792,0.0
1,14793,1.0
1,14794,0.0
1,14795,0.0
1,14796,0.0
1,14797,0.0
1,14798,0.0
1,14799,0.0
1,14800,1.0
1,14801,0.0
1,14802,1.0
1,14804,0.0
1,14805,0.0
1,14806,1.0
1,14807,0.0
1,14808,0.0
1,14809,0.0
1,14810,1.0
1,14811,0.0
1,14812,0.0
1,14813,0.0
1,14814,1.0
1,14816,0.0
1,14817,1.0
1,14818,0.0
1,14819,0.0
1,14820,1.0
1,14821,0.0
1,14822,1.0
1,14823,0.0
1,14824,0.0
1,14825,0.0
1,14826,0.0
1,14827,0.0
1,14828,0.0
1,14829,0.0
1,14830,1.0
1,14831,1.0
1,14832,1.0
1,14833,1.0
1,14834,0.0
1,14835,0.0
1,14836,0.0
1,14837,0.0
1,14838,0.0
1,14839,1.0
1,14840,0.0
1,14841,0.0
1,14842,0.0
1,14844,1.0
1,14845,0.0
1,14846,0.0
1,14847,0.0
1,14848,0.0
1,14849,0.0
1,14850,0.0
1,14851,0.0
1,14852,0.0
1,14853,1.0
1,14854,0.0
1,14855,0.0
1,14856,0.0
1,14857,1.0
1,14858,0.0
1,14859,0.0
1,14860,0.0
1,14861,0.0
1,14862,0.0
1,14863,1.0
1,14864,1.0
1,14865,1.0
1,14866,0.0
1,14867,0.0
1,14868,0.0
1,14869,0.0
1,14870,1.0
1,14871,0.0
1,14872,0.0
1,14873,0.0
1,14874,0.0
1,14875,0.0
1,14876,0.0
1,14877,0.0
1,14878,0.0
1,14879,1.0
1,14880,0.0
1,14881,1.0
1,14883,0.0
1,14884,0.0
1,14885,0.0
1,14886,0.0
1,14887,0.0
1,14888,0.0
1,14890,0.0
1,14891,0.0
1,14892,0.0
1,14893,0.0
1,14894,0.0
1,14895,0.0
1,14896,0.0
1,14898,1.0
1,14899,0.0
1,14900,0.0
1,14901,0.0
1,14902,0.0
1,14903,1.0
1,14904,1.0
1,14905,0.0
1,14906,1.0
1,14907,0.0
1,14908,0.0
1,14909,0.0
1,14910,1.0
1,14911,0.0
1,14912,0.0
1,14913,0.0
1,14914,0.0
1,14915,1.0
1,14916,1.0
1,14918,0.0
1,14919,0.0
1,14920,1.0
1,14921,0.0
1,14922,0.0
1,14923,0.0
1,14924,0.0
1,14925,0.0
1,14926,1.0
1,14927,0.0
1,14928,0.0
1,14929,0.0
1,14930,1.0
1,14931,1.0
1,14932,0.0
1,14933,0.0
1,14934,1.0
1,14935,0.0
1,14936,0.0
1,14937,1.0
1,14938,1.0
1,14939,0.0
1,14940,0.0
1,14941,1.0
1,14942,1.0
1,14943,0.0
1,14944,0.0
1,14945,1.0
1,14946,0.0
1,14947,1.0
1,14948,0.0
1,14949,0.0
1,14951,0.0
1,14952,0.0
1,14953,0.0
1,14954,0.0
1,14955,1.0
1,14956,1.0
1,14957,0.0
1,14958,0.0
1,14959,0.0
1,14960,1.0
1,14962,0.0
1,14963,0.0
1,14964,0.0
1,14965,0.0
1,14966,0.0
1,14967,1.0
1,14968,0.0
1,14969,0.0
1,14970,0.0
1,14971,0.0
1,14972,0.0
1,14973,0.0
1,14974,1.0
1,14975,0.0
1,14976,0.0
1,14977,1.0
1,14978,1.0
1,14979,0.0
1,14980,0.0
1,14981,0.0
1,14983,1.0
1,14984,1.0
1,14985,1.0
1,14986,0.0
1,14987,0.0
1,14988,0.0
1,14989,0.0
1,14990,0.0
1,14991,1.0
1,14992,1.0
1,14993,0.0
1,14996,0.0
1,14997,1.0
1,14998,0.0
1,14999,0.0
1,15000,1.0
2,15001,BUSINESS
2,15002,SCIENCE
2,15003,BUSINESS
2,15004,SCIENCE
2,15005,CRIME
2,15006,CRIME
2,15007,RELIGION
2,15008,RELIGION
2,15009,RELIGION
2,15010,BUSINESS
2,15011,SCIENCE
2,15012,CRIME
2,15013,CRIME
2,15014,RELIGION
2,15015,RELIGION
2,15016,BUSINESS
2,15017,SCIENCE
2,15018,SCIENCE
2,15019,SCIENCE
2,15020,SCIENCE
2,15021,SCIENCE
2,15022,BUSINESS
2,15023,RELIGION
2,15024,RELIGION
2,15025,BUSINESS
2,15026,CRIME
2,15027,BUSINESS
2,15028,BUSINESS
2,15029,CRIME
2,15030,SCIENCE
2,15031,RELIGION
2,15032,RELIGION
2,15033,SCIENCE
2,15034,CRIME
2,15035,SCIENCE
2,15036,RELIGION
2,15037,BUSINESS
2,15038,BUSINESS
2,15039,SCIENCE
2,15040,RELIGION
2,15041,CRIME
2,15042,RELIGION
2,15043,SCIENCE
2,15044,SCIENCE
2,15045,SCIENCE
2,15046,BUSINESS
2,15047,BUSINESS
2,15048,CRIME
2,15049,BUSINESS
2,15050,SCIENCE
2,15051,CRIME
2,15052,SCIENCE
2,15053,CRIME
2,15054,SCIENCE
2,15055,RELIGION
2,15056,SCIENCE
2,15057,RELIGION
2,15058,CRIME
2,15059,RELIGION
2,15060,SCIENCE
2,15061,RELIGION
2,15062,BUSINESS
2,15063,SCIENCE
2,15064,RELIGION
2,15065,BUSINESS
2,15066,RELIGION
2,15067,RELIGION
2,15068,CRIME
2,15069,SCIENCE
2,15070,SCIENCE
2,15071,CRIME
2,15072,BUSINESS
2,15073,RELIGION
2,15074,RELIGION
2,15075,CRIME
2,15076,RELIGION
2,15077,SCIENCE
2,15078,BUSINESS
2,15079,CRIME
2,15080,RELIGION
2,15081,CRIME
2,15082,SCIENCE
2,15083,CRIME
2,15084,SCIENCE
2,15085,SCIENCE
2,15086,RELIGION
2,15087,RELIGION
2,15088,BUSINESS
2,15089,SCIENCE
2,15090,SCIENCE
2,15091,SCIENCE
2,15092,BUSINESS
2,15093,RELIGION
2,15094,SCIENCE
2,15095,CRIME
2,15096,RELIGION
2,15097,CRIME
2,15098,CRIME
2,15099,RELIGION
2,15100,SCIENCE
2,15101,SCIENCE
2,15102,CRIME
2,15103,SCIENCE
2,15104,CRIME
2,15105,SCIENCE
2,15106,BUSINESS
2,15107,BUSINESS
2,15108,BUSINESS
2,15109,BUSINESS
2,15110,RELIGION
2,15111,SCIENCE
2,15112,RELIGION
2,15113,RELIGION
2,15114,BUSINESS
2,15115,RELIGION
2,15116,CRIME
2,15117,BUSINESS
2,15118,BUSINESS
2,15119,SCIENCE
2,15120,BUSINESS
2,15121,BUSINESS
2,15122,CRIME
2,15123,SCIENCE
2,15124,SCIENCE
2,15125,CRIME
2,15126,RELIGION
2,15127,CRIME
2,15128,SCIENCE
2,15129,CRIME
2,15130,CRIME
2,15131,RELIGION
2,15132,RELIGION
2,15133,SCIENCE
2,15134,RELIGION
2,15135,SCIENCE
2,15136,BUSINESS
2,15137,RELIGION
2,15138,CRIME
2,15139,BUSINESS
2,15140,BUSINESS
2,15141,RELIGION
2,15142,RELIGION
2,15143,BUSINESS
2,15144,CRIME
2,15145,CRIME
2,15146,SCIENCE
2,15147,RELIGION
2,15148,CRIME
2,15149,CRIME
2,15150,SCIENCE
2,15151,SCIENCE
2,15152,CRIME
2,15153,CRIME
2,15154,BUSINESS
2,15155,BUSINESS
2,15156,CRIME
2,15157,BUSINESS
2,15158,CRIME
2,15159,SCIENCE
2,15160,BUSINESS
2,15161,RELIGION
2,15162,BUSINESS
2,15163,RELIGION
2,15164,BUSINESS
2,15165,RELIGION
2,15166,BUSINESS
2,15167,SCIENCE
2,15168,SCIENCE
2,15169,SCIENCE
2,15170,RELIGION
2,15171,CRIME
2,15172,BUSINESS
2,15173,BUSINESS
2,15174,SCIENCE
2,15175,SCIENCE
2,15176,RELIGION
2,15177,BUSINESS
2,15178,CRIME
2,15179,BUSINESS
2,15180,CRIME
2,15181,CRIME
2,15182,RELIGION
2,15183,CRIME
2,15184,SCIENCE
2,15185,CRIME
2,15186,CRIME
2,15187,SCIENCE
2,15188,RELIGION
2,15189,SCIENCE
2,15190,RELIGION
2,15191,BUSINESS
2,15192,CRIME
2,15193,SCIENCE
2,15194,BUSINESS
2,15195,BUSINESS
2,15196,BUSINESS
2,15197,SCIENCE
2,15198,BUSINESS
2,15199,CRIME
2,15200,RELIGION
2,15201,BUSINESS
2,15202,SCIENCE
2,15203,RELIGION
2,15204,BUSINESS
2,15205,CRIME
2,15206,RELIGION
2,15207,SCIENCE
2,15208,RELIGION
2,15209,RELIGION
2,15210,CRIME
2,15211,RELIGION
2,15212,SCIENCE
2,15213,BUSINESS
2,15214,SCIENCE
2,15215,RELIGION
2,15216,RELIGION
2,15217,RELIGION
2,15218,RELIGION
2,15219,SCIENCE
2,15220,BUSINESS
2,15221,RELIGION
2,15222,RELIGION
2,15223,CRIME
2,15224,CRIME
2,15225,SCIENCE
2,15226,SCIENCE
2,15227,CRIME
2,15228,RELIGION
2,15229,BUSINESS
2,15230,BUSINESS
2,15231,BUSINESS
2,15232,CRIME
2,15233,SCIENCE
2,15234,RELIGION
2,15235,RELIGION
2,15236,SCIENCE
2,15237,RELIGION
2,15238,BUSINESS
2,15239,BUSINESS
2,15240,RELIGION
2,15241,CRIME
2,15242,BUSINESS
2,15243,RELIGION
2,15244,BUSINESS
2,15245,SCIENCE
2,15246,BUSINESS
2,15247,BUSINESS
2,15248,SCIENCE
2,15249,RELIGION
2,15250,RELIGION
2,15251,CRIME
2,15252,BUSINESS
2,15253,CRIME
2,15254,SCIENCE
2,15255,RELIGION
2,15256,RELIGION
2,15257,SCIENCE
2,15258,BUSINESS
2,15259,SCIENCE
2,15260,RELIGION
2,15261,CRIME
2,15262,CRIME
2,15263,RELIGION
2,15264,BUSINESS
2,15265,BUSINESS
2,15266,CRIME
2,15267,CRIME
2,15268,BUSINESS
2,15269,SCIENCE
2,15270,CRIME
2,15271,CRIME
2,15272,BUSINESS
2,15273,CRIME
2,15274,SCIENCE
2,15275,SCIENCE
2,15276,CRIME
2,15277,CRIME
2,15278,SCIENCE
2,15279,BUSINESS
2,15280,RELIGION
2,15281,RELIGION
2,15282,RELIGION
2,15283,CRIME
2,15284,CRIME
2,15285,RELIGION
2,15286,RELIGION
2,15287,SCIENCE
2,15288,BUSINESS
2,15289,CRIME
2,15290,RELIGION
2,15291,BUSINESS
2,15292,CRIME
2,15293,SCIENCE
2,15294,SCIENCE
2,15295,RELIGION
2,15296,RELIGION
2,15297,CRIME
2,15298,BUSINESS
2,15299,SCIENCE
2,15300,BUSINESS
2,15301,CRIME
2,15302,CRIME
2,15303,SCIENCE
2,15304,BUSINESS
2,15305,RELIGION
2,15306,CRIME
2,15307,BUSINESS
2,15308,CRIME
2,15309,SCIENCE
2,15310,CRIME
2,15311,RELIGION
2,15312,CRIME
2,15313,SCIENCE
2,15314,SCIENCE
2,15315,RELIGION
2,15316,RELIGION
2,15317,SCIENCE
2,15318,BUSINESS
2,15319,BUSINESS
2,15320,BUSINESS
2,15321,SCIENCE
2,15322,RELIGION
2,15323,RELIGION
2,15324,RELIGION
2,15325,SCIENCE
2,15326,CRIME
2,15327,CRIME
2,15328,RELIGION
2,15329,RELIGION
2,15330,CRIME
2,15331,SCIENCE
2,15332,BUSINESS
2,15333,BUSINESS
2,15334,BUSINESS
2,15335,RELIGION
2,15336,BUSINESS
2,15337,SCIENCE
2,15338,SCIENCE
2,15339,BUSINESS
2,15340,BUSINESS
2,15341,RELIGION
2,15342,CRIME
2,15343,BUSINESS
2,15344,BUSINESS
2,15345,RELIGION
2,15346,SCIENCE
2,15347,SCIENCE
2,15348,RELIGION
2,15349,CRIME
2,15350,SCIENCE
2,15351,RELIGION
2,15352,SCIENCE
2,15353,BUSINESS
2,15354,SCIENCE
2,15355,RELIGION
2,15356,BUSINESS
2,15357,RELIGION
2,15358,CRIME
2,15359,BUSINESS
2,15360,RELIGION
2,15361,RELIGION
2,15362,CRIME
2,15363,BUSINESS
2,15364,SCIENCE
2,15365,RELIGION
2,15366,RELIGION
2,15367,RELIGION
2,15368,CRIME
2,15369,RELIGION
2,15370,SCIENCE
2,15371,RELIGION
2,15372,CRIME
2,15373,CRIME
2,15374,SCIENCE
2,15375,RELIGION
2,15376,SCIENCE
2,15377,SCIENCE
2,15378,RELIGION
2,15379,RELIGION
2,15380,RELIGION
2,15381,CRIME
2,15382,CRIME
2,15383,RELIGION
2,15384,RELIGION
2,15385,BUSINESS
2,15386,RELIGION
2,15387,CRIME
2,15388,CRIME
2,15389,SCIENCE
2,15390,BUSINESS
2,15391,CRIME
2,15392,BUSINESS
2,15393,SCIENCE
2,15394,CRIME
2,15395,BUSINESS
2,15396,CRIME
2,15397,RELIGION
2,15398,CRIME
2,15399,SCIENCE
2,15400,CRIME
2,15401,CRIME
2,15402,SCIENCE
2,15403,BUSINESS
2,15404,BUSINESS
2,15405,BUSINESS
2,15406,BUSINESS
2,15407,SCIENCE
2,15408,BUSINESS
2,15409,SCIENCE
2,15410,BUSINESS
2,15411,SCIENCE
2,15412,RELIGION
2,15413,RELIGION
2,15414,SCIENCE
2,15415,CRIME
2,15416,CRIME
2,15417,CRIME
2,15418,CRIME
2,15419,BUSINESS
2,15420,BUSINESS
2,15421,SCIENCE
2,15422,BUSINESS
2,15423,CRIME
2,15424,RELIGION
2,15425,RELIGION
2,15426,RELIGION
2,15427,CRIME
2,15428,CRIME
2,15429,BUSINESS
2,15430,BUSINESS
2,15431,BUSINESS
2,15432,BUSINESS
2,15433,RELIGION
2,15434,BUSINESS
2,15435,RELIGION
2,15436,SCIENCE
2,15437,SCIENCE
2,15438,CRIME
2,15439,SCIENCE
2,15440,SCIENCE
2,15441,CRIME
2,15442,CRIME
2,15443,CRIME
2,15444,SCIENCE
2,15445,SCIENCE
2,15446,BUSINESS
2,15447,BUSINESS
2,15448,BUSINESS
2,15449,CRIME
2,15450,SCIENCE
2,15451,BUSINESS
2,15452,SCIENCE
2,15453,CRIME
2,15454,SCIENCE
2,15455,RELIGION
2,15456,SCIENCE
2,15457,SCIENCE
2,15458,RELIGION
2,15459,BUSINESS
2,15460,CRIME
2,15461,SCIENCE
2,15462,BUSINESS
2,15463,CRIME
2,15464,BUSINESS
2,15465,SCIENCE
2,15466,BUSINESS
2,15467,SCIENCE
2,15468,RELIGION
2,15469,RELIGION
2,15470,BUSINESS
2,15471,SCIENCE
2,15472,BUSINESS
2,15473,BUSINESS
2,15474,BUSINESS
2,15475,SCIENCE
2,15476,CRIME
2,15477,BUSINESS
2,15478,CRIME
2,15479,CRIME
2,15480,CRIME
2,15481,RELIGION
2,15482,SCIENCE
2,15483,CRIME
2,15484,BUSINESS
2,15485,CRIME
2,15486,RELIGION
2,15487,BUSINESS
2,15488,RELIGION
2,15489,RELIGION
2,15490,BUSINESS
2,15491,SCIENCE
2,15492,CRIME
2,15493,RELIGION
2,15494,CRIME
2,15495,SCIENCE
2,15496,SCIENCE
2,15497,CRIME
2,15498,BUSINESS
2,15499,RELIGION
2,15500,RELIGION
2,15501,BUSINESS
2,15502,SCIENCE
2,15503,SCIENCE
2,15504,CRIME
2,15505,BUSINESS
2,15506,BUSINESS
2,15507,CRIME
2,15508,BUSINESS
2,15509,CRIME
2,15510,RELIGION
2,15511,SCIENCE
2,15512,BUSINESS
2,15513,BUSINESS
2,15514,RELIGION
2,15515,CRIME
2,15516,RELIGION
2,15517,CRIME
2,15518,RELIGION
2,15519,BUSINESS
2,15520,SCIENCE
2,15521,BUSINESS
2,15522,BUSINESS
2,15523,RELIGION
2,15524,RELIGION
2,15525,CRIME
2,15526,SCIENCE
2,15527,CRIME
2,15528,BUSINESS
2,15529,RELIGION
2,15530,CRIME
2,15531,BUSINESS
2,15532,BUSINESS
2,15533,SCIENCE
2,15534,SCIENCE
2,15535,BUSINESS
2,15536,SCIENCE
2,15537,CRIME
2,15538,BUSINESS
2,15539,BUSINESS
2,15540,SCIENCE
2,15541,RELIGION
2,15542,BUSINESS
2,15543,RELIGION
2,15544,SCIENCE
2,15545,SCIENCE
2,15546,BUSINESS
2,15547,CRIME
2,15548,SCIENCE
2,15549,RELIGION
2,15550,CRIME
2,15551,CRIME
2,15552,BUSINESS
2,15553,RELIGION
2,15554,CRIME
2,15555,SCIENCE
2,15556,SCIENCE
2,15557,CRIME
2,15558,RELIGION
2,15559,RELIGION
2,15560,RELIGION
2,15561,RELIGION
2,15562,BUSINESS
2,15563,RELIGION
2,15564,CRIME
2,15565,CRIME
2,15566,SCIENCE
2,15567,BUSINESS
2,15568,CRIME
2,15569,CRIME
2,15570,SCIENCE
2,15571,CRIME
2,15572,RELIGION
2,15573,SCIENCE
2,15574,RELIGION
2,15575,CRIME
2,15576,BUSINESS
2,15577,CRIME
2,15578,SCIENCE
2,15579,RELIGION
2,15580,BUSINESS
2,15581,RELIGION
2,15582,RELIGION
2,15583,RELIGION
2,15584,BUSINESS
2,15585,BUSINESS
2,15586,RELIGION
2,15587,RELIGION
2,15588,BUSINESS
2,15589,CRIME
2,15590,RELIGION
2,15591,BUSINESS
2,15592,RELIGION
2,15593,BUSINESS
2,15594,CRIME
2,15595,SCIENCE
2,15596,SCIENCE
2,15597,CRIME
2,15598,RELIGION
2,15599,BUSINESS
2,15600,BUSINESS
2,15601,CRIME
2,15602,RELIGION
2,15603,BUSINESS
2,15604,RELIGION
2,15605,BUSINESS
2,15606,SCIENCE
2,15607,BUSINESS
2,15608,SCIENCE
2,15609,CRIME
2,15610,BUSINESS
2,15611,BUSINESS
2,15612,BUSINESS
2,15613,BUSINESS
2,15614,SCIENCE
2,15615,RELIGION
2,15616,RELIGION
2,15617,RELIGION
2,15618,BUSINESS
2,15619,BUSINESS
2,15620,BUSINESS
2,15621,RELIGION
2,15622,RELIGION
2,15623,RELIGION
2,15624,BUSINESS
2,15625,BUSINESS
2,15626,SCIENCE
2,15627,BUSINESS
2,15628,CRIME
2,15629,CRIME
2,15630,RELIGION
2,15631,RELIGION
2,15632,RELIGION
2,15633,BUSINESS
2,15634,BUSINESS
2,15635,CRIME
2,15636,CRIME
2,15637,CRIME
2,15638,BUSINESS
2,15639,SCIENCE
2,15640,CRIME
2,15641,SCIENCE
2,15642,BUSINESS
2,15643,SCIENCE
2,15644,CRIME
2,15645,BUSINESS
2,15646,CRIME
2,15647,CRIME
2,15648,SCIENCE
2,15649,SCIENCE
2,15650,SCIENCE
2,15651,CRIME
2,15652,SCIENCE
2,15653,RELIGION
2,15654,CRIME
2,15655,RELIGION
2,15656,CRIME
2,15657,SCIENCE
2,15658,SCIENCE
2,15659,CRIME
2,15660,SCIENCE
2,15661,CRIME
2,15662,SCIENCE
2,15663,SCIENCE
2,15664,BUSINESS
2,15665,BUSINESS
2,15666,RELIGION
2,15667,RELIGION
2,15668,RELIGION
2,15669,CRIME
2,15670,RELIGION
2,15671,RELIGION
2,15672,BUSINESS
2,15673,RELIGION
2,15674,CRIME
2,15675,CRIME
2,15676,SCIENCE
2,15677,CRIME
2,15678,CRIME
2,15679,RELIGION
2,15680,SCIENCE
2,15681,SCIENCE
2,15682,SCIENCE
2,15683,CRIME
2,15684,BUSINESS
2,15685,CRIME
2,15686,RELIGION
2,15687,SCIENCE
2,15688,SCIENCE
2,15689,CRIME
2,15690,CRIME
2,15691,CRIME
2,15692,CRIME
2,15693,RELIGION
2,15694,SCIENCE
2,15695,BUSINESS
2,15696,RELIGION
2,15697,CRIME
2,15698,SCIENCE
2,15699,RELIGION
2,15700,SCIENCE
2,15701,SCIENCE
2,15702,BUSINESS
2,15703,BUSINESS
2,15704,BUSINESS
2,15705,RELIGION
2,15706,BUSINESS
2,15707,SCIENCE
2,15708,RELIGION
2,15709,SCIENCE
2,15710,RELIGION
2,15711,CRIME
2,15712,BUSINESS
2,15713,RELIGION
2,15714,BUSINESS
2,15715,BUSINESS
2,15716,BUSINESS
2,15717,BUSINESS
2,15718,RELIGION
2,15719,SCIENCE
2,15720,RELIGION
2,15721,RELIGION
2,15722,CRIME
2,15723,BUSINESS
2,15724,RELIGION
2,15725,BUSINESS
2,15726,BUSINESS
2,15727,RELIGION
2,15728,CRIME
2,15729,BUSINESS
2,15730,CRIME
2,15731,RELIGION
2,15732,CRIME
2,15733,CRIME
2,15734,RELIGION
2,15735,SCIENCE
2,15736,CRIME
2,15737,CRIME
2,15738,CRIME
2,15739,BUSINESS
2,15740,CRIME
2,15741,CRIME
2,15742,BUSINESS
2,15743,BUSINESS
2,15744,BUSINESS
2,15745,CRIME
2,15746,SCIENCE
2,15747,SCIENCE
2,15748,BUSINESS
2,15749,CRIME
2,15750,CRIME
2,15751,RELIGION
2,15752,BUSINESS
2,15753,CRIME
2,15754,BUSINESS
2,15755,RELIGION
2,15756,CRIME
2,15757,RELIGION
2,15758,BUSINESS
2,15759,CRIME
2,15760,RELIGION
2,15761,BUSINESS
2,15762,SCIENCE
2,15763,BUSINESS
2,15764,CRIME
2,15765,SCIENCE
2,15766,SCIENCE
2,15767,SCIENCE
2,15768,RELIGION
2,15769,SCIENCE
2,15770,SCIENCE
2,15771,CRIME
2,15772,CRIME
2,15773,BUSINESS
2,15774,RELIGION
2,15775,SCIENCE
2,15776,SCIENCE
2,15777,RELIGION
2,15778,CRIME
2,15779,RELIGION
2,15780,BUSINESS
2,15781,SCIENCE
2,15782,SCIENCE
2,15783,BUSINESS
2,15784,SCIENCE
2,15785,RELIGION
2,15786,CRIME
2,15787,CRIME
2,15788,BUSINESS
2,15789,BUSINESS
2,15790,SCIENCE
2,15791,RELIGION
2,15792,RELIGION
2,15793,CRIME
2,15794,SCIENCE
2,15795,CRIME
2,15796,CRIME
2,15797,RELIGION
2,15798,SCIENCE
2,15799,BUSINESS
2,15800,BUSINESS
