id,class
0000.png,8
0001.png,42
0002.png,69
0003.png,68
0004.png,72
0005.png,77
0006.png,88
0007.png,69
0008.png,100
0009.png,37
0010.png,15
0011.png,47
0012.png,32
0013.png,63
0014.png,41
0015.png,37
0016.png,97
0017.png,41
0018.png,74
0019.png,100
0020.png,93
0021.png,52
0022.png,32
0023.png,99
0024.png,30
0025.png,10
0026.png,91
0027.png,10
0028.png,43
0029.png,50
0030.png,83
0031.png,10
0032.png,57
0033.png,81
0034.png,96
0035.png,47
0036.png,28
0037.png,92
0038.png,91
0039.png,90
0040.png,63
0041.png,79
0042.png,28
0043.png,100
0044.png,20
0045.png,6
0046.png,6
0047.png,37
0048.png,47
0049.png,65
0050.png,85
0051.png,79
0052.png,98
0053.png,41
0054.png,61
0055.png,9
0056.png,37
0057.png,93
0058.png,7
0059.png,73
0060.png,6
0061.png,20
0062.png,74
0063.png,48
0064.png,15
0065.png,80
0066.png,48
0067.png,87
0068.png,85
0069.png,22
0070.png,23
0071.png,78
0072.png,12
0073.png,22
0074.png,93
0075.png,91
0076.png,17
0077.png,35
0078.png,26
0079.png,8
0080.png,7
0081.png,16
0082.png,92
0083.png,100
0084.png,96
0085.png,49
0086.png,82
0087.png,101
0088.png,58
0089.png,99
0090.png,53
0091.png,4
0092.png,12
0093.png,24
0094.png,35
0095.png,0
0096.png,94
0097.png,2
0098.png,21
0099.png,10
0100.png,43
0101.png,76
0102.png,90
0103.png,55
0104.png,31
0105.png,83
0106.png,7
0107.png,42
0108.png,63
0109.png,25
0110.png,23
0111.png,33
0112.png,63
0113.png,100
0114.png,8
0115.png,12
0116.png,53
0117.png,79
0118.png,99
0119.png,92
0120.png,28
0121.png,40
0122.png,99
0123.png,20
0124.png,52
0125.png,78
0126.png,29
0127.png,18
0128.png,98
0129.png,66
0130.png,85
0131.png,78
0132.png,61
0133.png,91
0134.png,30
0135.png,2
0136.png,10
0137.png,13
0138.png,50
0139.png,15
0140.png,80
0141.png,26
0142.png,45
0143.png,17
0144.png,55
0145.png,23
0146.png,35
0147.png,23
0148.png,88
0149.png,68
0150.png,2
0151.png,31
0152.png,39
0153.png,9
0154.png,47
0155.png,23
0156.png,85
0157.png,46
0158.png,60
0159.png,101
0160.png,77
0161.png,29
0162.png,78
0163.png,10
0164.png,53
0165.png,68
0166.png,69
0167.png,69
0168.png,35
0169.png,46
0170.png,60
0171.png,29
0172.png,3
0173.png,56
0174.png,23
0175.png,65
0176.png,101
0177.png,82
0178.png,79
0179.png,12
0180.png,91
0181.png,18
0182.png,99
0183.png,38
0184.png,17
0185.png,15
0186.png,18
0187.png,52
0188.png,9
0189.png,65
0190.png,15
0191.png,13
0192.png,62
0193.png,10
0194.png,96
0195.png,78
0196.png,10
0197.png,44
0198.png,27
0199.png,3
0200.png,55
0201.png,64
0202.png,101
0203.png,97
0204.png,74
0205.png,62
0206.png,83
0207.png,55
0208.png,94
0209.png,4
0210.png,23
0211.png,79
0212.png,96
0213.png,4
0214.png,81
0215.png,91
0216.png,47
0217.png,77
0218.png,7
0219.png,28
0220.png,65
0221.png,6
0222.png,62
0223.png,101
0224.png,85
0225.png,91
0226.png,65
0227.png,42
0228.png,98
0229.png,93
0230.png,85
0231.png,65
0232.png,77
0233.png,67
0234.png,95
0235.png,16
0236.png,92
0237.png,34
0238.png,38
0239.png,21
0240.png,23
0241.png,87
0242.png,28
0243.png,80
0244.png,9
0245.png,42
0246.png,14
0247.png,47
0248.png,37
0249.png,7
0250.png,15
0251.png,79
0252.png,6
0253.png,7
0254.png,93
0255.png,89
0256.png,52
0257.png,95
0258.png,93
0259.png,62
0260.png,67
0261.png,34
0262.png,100
0263.png,94
0264.png,99
0265.png,20
0266.png,96
0267.png,6
0268.png,80
0269.png,33
0270.png,86
0271.png,4
0272.png,41
0273.png,0
0274.png,83
0275.png,62
0276.png,27
0277.png,74
0278.png,82
0279.png,23
0280.png,19
0281.png,66
0282.png,67
0283.png,28
0284.png,60
0285.png,14
0286.png,14
0287.png,14
0288.png,70
0289.png,31
0290.png,101
0291.png,51
0292.png,53
0293.png,56
0294.png,4
0295.png,21
0296.png,48
0297.png,97
0298.png,45
0299.png,56
0300.png,9
0301.png,21
0302.png,12
0303.png,25
0304.png,6
0305.png,49
0306.png,90
0307.png,13
0308.png,42
0309.png,2
0310.png,70
0311.png,52
0312.png,9
0313.png,9
0314.png,20
0315.png,76
0316.png,23
0317.png,33
0318.png,70
0319.png,65
0320.png,52
0321.png,4
0322.png,73
0323.png,39
0324.png,61
0325.png,91
0326.png,81
0327.png,89
0328.png,46
0329.png,15
0330.png,15
0331.png,99
0332.png,85
0333.png,14
0334.png,92
0335.png,45
0336.png,95
0337.png,48
0338.png,0
0339.png,20
0340.png,62
0341.png,87
0342.png,11
0343.png,63
0344.png,60
0345.png,39
0346.png,67
0347.png,4
0348.png,39
0349.png,100
0350.png,77
0351.png,10
0352.png,83
0353.png,63
0354.png,67
0355.png,72
0356.png,68
0357.png,59
0358.png,69
0359.png,59
0360.png,46
0361.png,10
0362.png,4
0363.png,101
0364.png,40
0365.png,52
0366.png,84
0367.png,82
0368.png,10
0369.png,48
0370.png,14
0371.png,89
0372.png,37
0373.png,100
0374.png,50
0375.png,82
0376.png,48
0377.png,91
0378.png,8
0379.png,87
0380.png,81
0381.png,52
0382.png,35
0383.png,47
0384.png,87
0385.png,43
0386.png,95
0387.png,55
0388.png,29
0389.png,80
0390.png,53
0391.png,10
0392.png,24
0393.png,76
0394.png,82
0395.png,91
0396.png,14
0397.png,0
0398.png,95
0399.png,96
0400.png,42
0401.png,70
0402.png,67
0403.png,76
0404.png,83
0405.png,92
0406.png,28
0407.png,30
0408.png,26
0409.png,16
0410.png,97
0411.png,7
0412.png,101
0413.png,53
0414.png,3
0415.png,42
0416.png,99
0417.png,57
0418.png,72
0419.png,67
0420.png,65
0421.png,82
0422.png,86
0423.png,1
0424.png,68
0425.png,23
0426.png,30
0427.png,84
0428.png,90
0429.png,93
0430.png,66
0431.png,44
0432.png,85
0433.png,84
0434.png,57
0435.png,93
0436.png,26
0437.png,49
0438.png,78
0439.png,34
0440.png,43
0441.png,31
0442.png,52
0443.png,13
0444.png,36
0445.png,96
0446.png,83
0447.png,69
0448.png,15
0449.png,99
0450.png,51
0451.png,45
0452.png,12
0453.png,10
0454.png,47
0455.png,34
0456.png,91
0457.png,63
0458.png,17
0459.png,33
0460.png,42
0461.png,55
0462.png,26
0463.png,51
0464.png,26
0465.png,46
0466.png,86
0467.png,43
0468.png,86
0469.png,63
0470.png,91
0471.png,40
0472.png,22
0473.png,28
0474.png,2
0475.png,11
0476.png,35
0477.png,97
0478.png,85
0479.png,16
0480.png,10
0481.png,11
0482.png,51
0483.png,62
0484.png,67
0485.png,45
0486.png,55
0487.png,44
0488.png,0
0489.png,86
0490.png,23
0491.png,94
0492.png,3
0493.png,15
0494.png,22
0495.png,51
0496.png,13
0497.png,74
0498.png,46
0499.png,26
0500.png,20
0501.png,28
0502.png,28
0503.png,16
0504.png,74
0505.png,65
0506.png,74
0507.png,60
0508.png,76
0509.png,69
0510.png,12
0511.png,79
0512.png,49
0513.png,72
0514.png,7
0515.png,14
0516.png,52
0517.png,92
0518.png,45
0519.png,84
0520.png,66
0521.png,46
0522.png,1
0523.png,90
0524.png,16
0525.png,27
0526.png,20
0527.png,0
0528.png,23
0529.png,5
0530.png,44
0531.png,12
0532.png,14
0533.png,55
0534.png,65
0535.png,98
0536.png,82
0537.png,19
0538.png,34
0539.png,101
0540.png,12
0541.png,87
0542.png,45
0543.png,52
0544.png,71
0545.png,43
0546.png,76
0547.png,54
0548.png,76
0549.png,26
0550.png,34
0551.png,18
0552.png,18
0553.png,0
0554.png,41
0555.png,52
0556.png,34
0557.png,31
0558.png,7
0559.png,47
0560.png,89
0561.png,59
0562.png,62
0563.png,46
0564.png,1
0565.png,9
0566.png,63
0567.png,34
0568.png,78
0569.png,94
0570.png,85
0571.png,63
0572.png,90
0573.png,45
0574.png,97
0575.png,24
0576.png,78
0577.png,55
0578.png,78
0579.png,70
0580.png,11
0581.png,17
0582.png,87
0583.png,67
0584.png,65
0585.png,50
0586.png,14
0587.png,73
0588.png,82
0589.png,10
0590.png,10
0591.png,40
0592.png,70
0593.png,28
0594.png,82
0595.png,12
0596.png,55
0597.png,31
0598.png,82
0599.png,13
0600.png,1
0601.png,33
0602.png,69
0603.png,69
0604.png,17
0605.png,47
0606.png,30
0607.png,64
0608.png,71
0609.png,99
0610.png,62
0611.png,45
0612.png,8
0613.png,47
0614.png,21
0615.png,79
0616.png,21
0617.png,7
0618.png,65
0619.png,27
0620.png,86
0621.png,66
0622.png,94
0623.png,56
0624.png,0
0625.png,29
0626.png,12
0627.png,21
0628.png,65
0629.png,16
0630.png,89
0631.png,62
0632.png,39
0633.png,49
0634.png,0
0635.png,42
0636.png,34
0637.png,2
0638.png,2
0639.png,52
0640.png,34
0641.png,101
0642.png,61
0643.png,3
0644.png,86
0645.png,23
0646.png,93
0647.png,9
0648.png,71
0649.png,63
0650.png,33
0651.png,52
0652.png,28
0653.png,52
0654.png,61
0655.png,35
0656.png,56
0657.png,56
0658.png,30
0659.png,54
0660.png,80
0661.png,87
0662.png,11
0663.png,53
0664.png,59
0665.png,27
0666.png,5
0667.png,14
0668.png,96
0669.png,78
0670.png,70
0671.png,88
0672.png,35
0673.png,14
0674.png,10
0675.png,82
0676.png,86
0677.png,22
0678.png,29
0679.png,21
0680.png,21
0681.png,62
0682.png,66
0683.png,93
0684.png,37
0685.png,33
0686.png,55
0687.png,5
0688.png,67
0689.png,23
0690.png,46
0691.png,25
0692.png,77
0693.png,10
0694.png,37
0695.png,32
0696.png,60
0697.png,65
0698.png,6
0699.png,19
0700.png,71
0701.png,17
0702.png,89
0703.png,81
0704.png,66
0705.png,60
0706.png,52
0707.png,42
0708.png,26
0709.png,67
0710.png,84
0711.png,52
0712.png,35
0713.png,90
0714.png,52
0715.png,17
0716.png,67
0717.png,99
0718.png,6
0719.png,58
0720.png,89
0721.png,92
0722.png,69
0723.png,93
0724.png,9
0725.png,47
0726.png,6
0727.png,7
0728.png,92
0729.png,17
0730.png,12
0731.png,10
0732.png,39
0733.png,57
0734.png,101
0735.png,34
0736.png,4
0737.png,55
0738.png,100
0739.png,57
0740.png,60
0741.png,33
0742.png,10
0743.png,58
0744.png,0
0745.png,69
0746.png,53
0747.png,55
0748.png,21
0749.png,91
0750.png,86
0751.png,13
0752.png,57
0753.png,40
0754.png,22
0755.png,45
0756.png,63
0757.png,53
0758.png,76
0759.png,37
0760.png,0
0761.png,1
0762.png,87
0763.png,98
0764.png,19
0765.png,82
0766.png,69
0767.png,12
0768.png,74
0769.png,1
0770.png,49
0771.png,34
0772.png,34
0773.png,4
0774.png,35
0775.png,63
0776.png,81
0777.png,32
0778.png,37
0779.png,85
0780.png,25
0781.png,79
0782.png,59
0783.png,88
0784.png,27
0785.png,101
0786.png,74
0787.png,68
0788.png,10
0789.png,93
0790.png,28
0791.png,17
0792.png,91
0793.png,101
0794.png,21
0795.png,62
0796.png,88
0797.png,59
0798.png,74
0799.png,53
0800.png,98
0801.png,1
0802.png,27
0803.png,10
0804.png,97
0805.png,84
0806.png,18
0807.png,72
0808.png,79
0809.png,28
0810.png,3
0811.png,77
0812.png,47
0813.png,89
0814.png,35
0815.png,52
0816.png,60
0817.png,10
0818.png,24
0819.png,10
0820.png,27
0821.png,47
0822.png,3
0823.png,64
0824.png,95
0825.png,27
0826.png,71
0827.png,55
0828.png,30
0829.png,43
0830.png,23
0831.png,57
0832.png,98
0833.png,79
0834.png,99
0835.png,12
0836.png,89
0837.png,84
0838.png,87
0839.png,9
0840.png,94
0841.png,14
0842.png,27
0843.png,38
0844.png,68
0845.png,98
0846.png,41
0847.png,37
0848.png,22
0849.png,18
0850.png,45
0851.png,19
0852.png,97
0853.png,39
0854.png,39
0855.png,1
0856.png,37
0857.png,43
0858.png,48
0859.png,52
0860.png,69
0861.png,17
0862.png,15
0863.png,77
0864.png,98
0865.png,52
0866.png,82
0867.png,38
0868.png,25
0869.png,47
0870.png,59
0871.png,48
0872.png,100
0873.png,52
0874.png,79
0875.png,61
0876.png,41
0877.png,83
0878.png,14
0879.png,47
0880.png,4
0881.png,17
0882.png,37
0883.png,4
0884.png,8
0885.png,35
0886.png,40
0887.png,57
0888.png,13
0889.png,0
0890.png,52
0891.png,41
0892.png,62
0893.png,23
0894.png,78
0895.png,12
0896.png,34
0897.png,77
0898.png,17
0899.png,93
0900.png,89
0901.png,4
0902.png,89
0903.png,10
0904.png,39
0905.png,60
0906.png,30
0907.png,8
0908.png,25
0909.png,28
0910.png,5
0911.png,82
0912.png,8
0913.png,4
0914.png,92
0915.png,47
0916.png,66
0917.png,11
0918.png,41
0919.png,69
0920.png,93
0921.png,7
0922.png,96
0923.png,10
0924.png,78
0925.png,69
0926.png,39
0927.png,18
0928.png,62
0929.png,74
0930.png,15
0931.png,45
0932.png,98
0933.png,69
0934.png,71
0935.png,15
0936.png,1
0937.png,39
0938.png,10
0939.png,61
0940.png,41
0941.png,48
0942.png,100
0943.png,60
0944.png,12
0945.png,70
0946.png,10
0947.png,9
0948.png,66
0949.png,85
0950.png,95
0951.png,89
0952.png,34
0953.png,45
0954.png,42
0955.png,9
0956.png,67
0957.png,79
0958.png,77
0959.png,43
0960.png,69
0961.png,23
0962.png,96
0963.png,11
0964.png,35
0965.png,18
0966.png,29
0967.png,70
0968.png,100
0969.png,76
0970.png,98
0971.png,100
0972.png,44
0973.png,17
0974.png,85
0975.png,48
0976.png,92
0977.png,75
0978.png,21
0979.png,72
0980.png,87
0981.png,99
0982.png,29
0983.png,54
0984.png,28
0985.png,34
0986.png,93
0987.png,77
0988.png,53
0989.png,38
0990.png,38
0991.png,89
0992.png,90
0993.png,6
0994.png,30
0995.png,67
0996.png,51
0997.png,30
0998.png,91
0999.png,88
1000.png,2
1001.png,71
1002.png,96
1003.png,31
1004.png,67
1005.png,23
1006.png,13
1007.png,71
1008.png,78
1009.png,1
1010.png,89
1011.png,87
1012.png,62
1013.png,8
1014.png,17
1015.png,61
1016.png,34
1017.png,18
1018.png,68
1019.png,101
1020.png,8
1021.png,70
1022.png,83
1023.png,6
1024.png,34
1025.png,9
1026.png,89
1027.png,53
1028.png,52
1029.png,70
1030.png,24
1031.png,57
1032.png,96
1033.png,97
1034.png,90
1035.png,4
1036.png,41
1037.png,37
1038.png,64
1039.png,71
1040.png,5
1041.png,53
1042.png,97
1043.png,86
1044.png,4
1045.png,18
1046.png,12
1047.png,34
1048.png,12
1049.png,50
1050.png,97
1051.png,43
1052.png,99
1053.png,52
1054.png,4
1055.png,20
1056.png,42
1057.png,8
1058.png,27
1059.png,11
1060.png,48
1061.png,78
1062.png,10
1063.png,52
1064.png,78
1065.png,50
1066.png,6
1067.png,53
1068.png,3
1069.png,26
1070.png,70
1071.png,14
1072.png,87
1073.png,6
1074.png,72
1075.png,85
1076.png,85
1077.png,89
1078.png,21
1079.png,21
1080.png,18
1081.png,67
1082.png,18
1083.png,64
1084.png,92
1085.png,93
1086.png,0
1087.png,83
1088.png,68
1089.png,66
1090.png,42
1091.png,9
1092.png,62
1093.png,41
1094.png,98
1095.png,18
1096.png,67
1097.png,27
1098.png,64
1099.png,44
1100.png,56
1101.png,43
1102.png,94
1103.png,59
1104.png,73
1105.png,81
1106.png,64
1107.png,10
1108.png,64
1109.png,91
1110.png,7
1111.png,6
1112.png,85
1113.png,41
1114.png,79
1115.png,80
1116.png,99
1117.png,24
1118.png,100
1119.png,34
1120.png,18
1121.png,18
1122.png,42
1123.png,31
1124.png,79
1125.png,10
1126.png,52
1127.png,93
1128.png,34
1129.png,47
1130.png,66
1131.png,91
1132.png,101
1133.png,83
1134.png,95
1135.png,81
1136.png,72
1137.png,29
1138.png,93
1139.png,8
1140.png,85
1141.png,38
1142.png,56
1143.png,28
1144.png,40
1145.png,28
1146.png,99
1147.png,69
1148.png,98
1149.png,40
1150.png,37
1151.png,48
1152.png,51
1153.png,78
1154.png,33
1155.png,4
1156.png,21
1157.png,95
1158.png,41
1159.png,46
1160.png,90
1161.png,17
1162.png,52
1163.png,81
1164.png,88
1165.png,59
1166.png,93
1167.png,75
1168.png,79
1169.png,2
1170.png,78
1171.png,17
1172.png,3
1173.png,49
1174.png,82
1175.png,85
1176.png,17
1177.png,31
1178.png,70
1179.png,12
1180.png,66
1181.png,27
1182.png,40
1183.png,65
1184.png,2
1185.png,18
1186.png,48
1187.png,51
1188.png,67
1189.png,74
1190.png,66
1191.png,81
1192.png,52
1193.png,77
1194.png,24
1195.png,38
1196.png,8
1197.png,73
1198.png,97
1199.png,35
1200.png,52
1201.png,51
1202.png,2
1203.png,12
1204.png,18
1205.png,23
1206.png,51
1207.png,77
1208.png,35
1209.png,14
1210.png,80
1211.png,82
1212.png,32
1213.png,0
1214.png,48
1215.png,85
1216.png,47
1217.png,4
1218.png,72
1219.png,28
1220.png,87
1221.png,59
1222.png,51
1223.png,28
1224.png,25
1225.png,19
1226.png,9
1227.png,34
1228.png,42
1229.png,98
1230.png,15
1231.png,4
1232.png,65
1233.png,26
1234.png,47
1235.png,21
1236.png,63
1237.png,21
1238.png,33
1239.png,7
1240.png,10
1241.png,58
1242.png,95
1243.png,43
1244.png,5
1245.png,97
1246.png,64
1247.png,6
1248.png,74
1249.png,8
1250.png,28
1251.png,46
1252.png,81
1253.png,79
1254.png,14
1255.png,36
1256.png,84
1257.png,80
1258.png,54
1259.png,4
1260.png,72
1261.png,2
1262.png,63
1263.png,43
1264.png,22
1265.png,31
1266.png,39
1267.png,69
1268.png,81
1269.png,13
1270.png,88
1271.png,60
1272.png,52
1273.png,62
1274.png,25
1275.png,58
1276.png,78
1277.png,88
1278.png,47
1279.png,58
1280.png,62
1281.png,7
1282.png,48
1283.png,54
1284.png,32
1285.png,45
1286.png,98
1287.png,38
1288.png,68
1289.png,74
1290.png,0
1291.png,58
1292.png,51
1293.png,49
1294.png,97
1295.png,71
1296.png,2
1297.png,41
1298.png,62
1299.png,81
1300.png,10
1301.png,39
1302.png,93
1303.png,43
1304.png,4
1305.png,28
1306.png,9
1307.png,93
1308.png,48
1309.png,11
1310.png,52
1311.png,75
1312.png,28
1313.png,33
1314.png,14
1315.png,36
1316.png,74
1317.png,42
1318.png,62
1319.png,74
1320.png,17
1321.png,55
1322.png,54
1323.png,71
1324.png,56
1325.png,79
1326.png,40
1327.png,1
1328.png,85
1329.png,80
1330.png,94
1331.png,92
1332.png,26
1333.png,59
1334.png,89
1335.png,3
1336.png,82
1337.png,39
1338.png,26
1339.png,77
1340.png,10
1341.png,27
1342.png,14
1343.png,92
1344.png,2
1345.png,59
1346.png,42
1347.png,38
1348.png,51
1349.png,16
1350.png,97
1351.png,39
1352.png,41
1353.png,70
1354.png,41
1355.png,100
1356.png,43
1357.png,10
1358.png,23
1359.png,13
1360.png,45
1361.png,44
1362.png,93
1363.png,37
1364.png,88
1365.png,20
1366.png,85
1367.png,25
1368.png,0
1369.png,2
1370.png,99
1371.png,36
1372.png,69
1373.png,32
1374.png,80
1375.png,93
1376.png,15
1377.png,83
1378.png,18
1379.png,68
1380.png,52
1381.png,68
1382.png,94
1383.png,29
1384.png,97
1385.png,15
1386.png,47
1387.png,83
1388.png,8
1389.png,2
1390.png,12
1391.png,23
1392.png,29
1393.png,42
1394.png,23
1395.png,47
1396.png,92
1397.png,21
1398.png,94
1399.png,9
1400.png,32
1401.png,10
1402.png,89
1403.png,57
1404.png,14
1405.png,86
1406.png,42
1407.png,85
1408.png,83
1409.png,40
1410.png,62
1411.png,69
1412.png,29
1413.png,47
1414.png,84
1415.png,55
1416.png,83
1417.png,23
1418.png,28
1419.png,48
1420.png,93
1421.png,42
1422.png,68
1423.png,3
1424.png,72
1425.png,73
1426.png,17
1427.png,48
1428.png,97
1429.png,59
1430.png,83
1431.png,90
1432.png,98
1433.png,54
1434.png,95
1435.png,52
1436.png,78
1437.png,76
1438.png,68
1439.png,63
1440.png,10
1441.png,85
1442.png,51
1443.png,85
1444.png,101
1445.png,23
1446.png,24
1447.png,5
1448.png,34
1449.png,26
1450.png,6
1451.png,70
1452.png,43
1453.png,94
1454.png,20
1455.png,12
1456.png,89
1457.png,72
1458.png,64
1459.png,89
1460.png,4
1461.png,38
1462.png,16
1463.png,7
1464.png,14
1465.png,76
1466.png,67
1467.png,56
1468.png,40
1469.png,78
1470.png,29
1471.png,52
1472.png,17
1473.png,73
1474.png,20
1475.png,91
1476.png,44
1477.png,53
1478.png,65
1479.png,12
1480.png,62
1481.png,68
1482.png,89
1483.png,59
1484.png,51
1485.png,89
1486.png,68
1487.png,45
1488.png,1
1489.png,46
1490.png,65
1491.png,81
1492.png,7
1493.png,98
1494.png,18
1495.png,52
1496.png,13
1497.png,81
1498.png,53
1499.png,16
1500.png,98
1501.png,23
1502.png,18
1503.png,8
1504.png,77
1505.png,37
1506.png,15
1507.png,81
1508.png,43
1509.png,91
1510.png,63
1511.png,60
1512.png,47
1513.png,34
1514.png,41
1515.png,90
1516.png,63
1517.png,7
1518.png,0
1519.png,1
1520.png,87
1521.png,91
1522.png,47
1523.png,58
1524.png,101
1525.png,65
1526.png,55
1527.png,1
1528.png,43
1529.png,28
1530.png,26
1531.png,89
1532.png,39
1533.png,66
1534.png,55
1535.png,92
1536.png,47
1537.png,82
1538.png,14
1539.png,15
1540.png,92
1541.png,89
1542.png,15
1543.png,86
1544.png,0
1545.png,71
1546.png,29
1547.png,58
1548.png,95
1549.png,12
1550.png,10
1551.png,74
1552.png,84
1553.png,40
1554.png,67
1555.png,59
1556.png,0
1557.png,17
1558.png,48
1559.png,52
1560.png,7
1561.png,30
1562.png,60
1563.png,52
1564.png,59
1565.png,7
1566.png,41
1567.png,101
1568.png,83
1569.png,13
1570.png,2
1571.png,54
1572.png,52
1573.png,63
1574.png,18
1575.png,64
1576.png,67
1577.png,49
1578.png,63
1579.png,18
1580.png,47
1581.png,40
1582.png,72
1583.png,28
1584.png,39
1585.png,93
1586.png,55
1587.png,69
1588.png,65
1589.png,7
1590.png,89
1591.png,80
1592.png,41
1593.png,31
1594.png,79
1595.png,66
1596.png,9
1597.png,73
1598.png,11
1599.png,10
1600.png,47
1601.png,100
1602.png,46
1603.png,8
1604.png,84
1605.png,92
1606.png,87
1607.png,101
1608.png,53
1609.png,38
1610.png,1
1611.png,10
1612.png,3
1613.png,88
1614.png,74
1615.png,75
1616.png,44
1617.png,9
1618.png,101
1619.png,39
1620.png,8
1621.png,23
1622.png,43
1623.png,24
1624.png,84
1625.png,85
1626.png,39
1627.png,70
1628.png,3
1629.png,92
1630.png,60
1631.png,60
1632.png,10
1633.png,67
1634.png,8
1635.png,89
1636.png,68
1637.png,23
1638.png,20
1639.png,57
1640.png,10
1641.png,10
1642.png,9
1643.png,68
1644.png,0
1645.png,44
1646.png,95
1647.png,61
1648.png,26
1649.png,4
1650.png,4
1651.png,69
1652.png,98
1653.png,44
1654.png,59
1655.png,61
1656.png,65
1657.png,31
1658.png,49
1659.png,8
1660.png,27
1661.png,12
1662.png,77
1663.png,86
1664.png,1
1665.png,48
1666.png,21
1667.png,36
1668.png,66
1669.png,34
1670.png,23
1671.png,71
1672.png,26
1673.png,42
1674.png,27
1675.png,75
1676.png,12
1677.png,37
1678.png,9
1679.png,94
1680.png,101
1681.png,30
1682.png,27
1683.png,8
1684.png,1
1685.png,92
1686.png,91
1687.png,5
1688.png,77
1689.png,86
1690.png,47
1691.png,42
1692.png,23
1693.png,24
1694.png,66
1695.png,74
1696.png,30
1697.png,4
1698.png,87
1699.png,1
1700.png,49
1701.png,80
1702.png,91
1703.png,48
1704.png,33
1705.png,12
1706.png,42
1707.png,10
1708.png,60
1709.png,23
1710.png,67
1711.png,27
1712.png,47
1713.png,47
1714.png,90
1715.png,10
1716.png,73
1717.png,38
1718.png,20
1719.png,7
1720.png,78
1721.png,95
1722.png,40
1723.png,99
1724.png,31
1725.png,55
1726.png,62
1727.png,95
1728.png,10
1729.png,93
1730.png,48
1731.png,73
1732.png,58
1733.png,58
1734.png,47
1735.png,10
1736.png,65
1737.png,20
1738.png,41
1739.png,78
1740.png,26
1741.png,11
1742.png,96
1743.png,87
1744.png,64
1745.png,5
1746.png,68
1747.png,89
1748.png,94
1749.png,76
1750.png,84
1751.png,44
1752.png,42
1753.png,45
1754.png,75
1755.png,18
1756.png,14
1757.png,51
1758.png,4
1759.png,82
1760.png,61
1761.png,3
1762.png,52
1763.png,63
1764.png,51
1765.png,60
1766.png,31
1767.png,11
1768.png,93
1769.png,1
1770.png,28
1771.png,56
1772.png,101
1773.png,81
1774.png,73
1775.png,18
1776.png,47
1777.png,27
1778.png,100
1779.png,12
1780.png,17
1781.png,91
1782.png,54
1783.png,47
1784.png,32
1785.png,68
1786.png,93
1787.png,83
1788.png,84
1789.png,52
1790.png,67
1791.png,68
1792.png,94
1793.png,96
1794.png,77
1795.png,31
1796.png,30
1797.png,16
1798.png,29
1799.png,36
1800.png,65
1801.png,7
1802.png,78
1803.png,11
1804.png,88
1805.png,4
1806.png,50
1807.png,79
1808.png,94
1809.png,4
1810.png,39
1811.png,56
1812.png,72
1813.png,78
1814.png,64
1815.png,67
1816.png,14
1817.png,27
1818.png,16
1819.png,10
1820.png,94
1821.png,73
1822.png,3
1823.png,48
1824.png,45
1825.png,31
1826.png,100
1827.png,70
1828.png,80
1829.png,7
1830.png,89
1831.png,17
1832.png,91
1833.png,88
1834.png,66
1835.png,77
1836.png,18
1837.png,12
1838.png,94
1839.png,54
1840.png,57
1841.png,85
1842.png,33
1843.png,85
1844.png,96
1845.png,16
1846.png,13
1847.png,19
1848.png,62
1849.png,93
1850.png,25
1851.png,89
1852.png,4
1853.png,21
1854.png,5
1855.png,14
1856.png,96
1857.png,30
1858.png,17
1859.png,72
1860.png,89
1861.png,74
1862.png,15
1863.png,12
1864.png,47
1865.png,52
1866.png,14
1867.png,68
1868.png,9
1869.png,52
1870.png,33
1871.png,12
1872.png,88
1873.png,58
1874.png,93
1875.png,58
1876.png,99
1877.png,85
1878.png,12
1879.png,3
1880.png,4
1881.png,78
1882.png,69
1883.png,34
1884.png,45
1885.png,59
1886.png,62
1887.png,38
1888.png,80
1889.png,0
1890.png,18
1891.png,27
1892.png,83
1893.png,47
1894.png,45
1895.png,68
1896.png,92
1897.png,52
1898.png,2
1899.png,31
1900.png,66
1901.png,51
1902.png,98
1903.png,13
1904.png,6
1905.png,41
1906.png,32
1907.png,78
1908.png,10
1909.png,53
1910.png,64
1911.png,15
1912.png,35
1913.png,16
1914.png,86
1915.png,39
1916.png,58
1917.png,74
1918.png,69
1919.png,88
1920.png,62
1921.png,52
1922.png,88
1923.png,41
1924.png,29
1925.png,28
1926.png,52
1927.png,31
1928.png,66
1929.png,86
1930.png,41
1931.png,81
1932.png,15
1933.png,59
1934.png,97
1935.png,23
1936.png,30
1937.png,46
1938.png,13
1939.png,95
1940.png,74
1941.png,34
1942.png,4
1943.png,78
1944.png,92
1945.png,69
1946.png,85
1947.png,65
1948.png,1
1949.png,4
1950.png,23
1951.png,73
1952.png,78
1953.png,56
1954.png,5
1955.png,48
1956.png,4
1957.png,57
1958.png,14
1959.png,95
1960.png,62
1961.png,79
1962.png,10
1963.png,23
1964.png,59
1965.png,4
1966.png,25
1967.png,37
1968.png,66
1969.png,85
1970.png,58
1971.png,33
1972.png,0
1973.png,63
1974.png,17
1975.png,20
1976.png,63
1977.png,89
1978.png,1
1979.png,30
1980.png,80
1981.png,48
1982.png,44
1983.png,79
1984.png,101
1985.png,69
1986.png,78
1987.png,9
1988.png,38
1989.png,39
1990.png,99
1991.png,1
1992.png,91
1993.png,99
1994.png,65
1995.png,10
1996.png,52
1997.png,65
1998.png,86
1999.png,83
2000.png,56
2001.png,56
2002.png,86
2003.png,0
2004.png,93
2005.png,80
2006.png,90
2007.png,1
2008.png,9
2009.png,76
2010.png,40
2011.png,22
2012.png,48
2013.png,85
2014.png,6
2015.png,93
2016.png,6
2017.png,9
2018.png,4
2019.png,61
2020.png,17
2021.png,98
2022.png,85
2023.png,58
2024.png,18
2025.png,10
2026.png,91
2027.png,21
2028.png,44
2029.png,75
2030.png,99
2031.png,22
2032.png,85
2033.png,21
2034.png,20
2035.png,24
2036.png,21
2037.png,34
2038.png,56
2039.png,55
2040.png,84
2041.png,23
2042.png,33
2043.png,90
2044.png,5
2045.png,42
2046.png,16
2047.png,74
2048.png,67
2049.png,13
2050.png,7
2051.png,70
2052.png,26
2053.png,81
2054.png,72
2055.png,39
2056.png,65
2057.png,69
2058.png,60
2059.png,74
2060.png,97
2061.png,94
2062.png,59
2063.png,88
2064.png,26
2065.png,34
2066.png,77
2067.png,14
2068.png,69
2069.png,77
2070.png,86
2071.png,45
2072.png,82
2073.png,89
2074.png,29
2075.png,73
2076.png,12
2077.png,8
2078.png,13
2079.png,53
2080.png,78
2081.png,6
2082.png,89
2083.png,7
2084.png,47
2085.png,35
2086.png,55
2087.png,16
2088.png,23
2089.png,2
2090.png,20
2091.png,30
2092.png,82
2093.png,26
2094.png,85
2095.png,24
2096.png,64
2097.png,91
2098.png,47
2099.png,80
2100.png,41
2101.png,19
2102.png,55
2103.png,56
2104.png,19
2105.png,97
2106.png,24
2107.png,82
2108.png,67
2109.png,63
2110.png,0
2111.png,73
2112.png,69
2113.png,8
2114.png,47
2115.png,79
2116.png,83
2117.png,19
2118.png,12
2119.png,19
2120.png,45
2121.png,43
2122.png,26
2123.png,80
2124.png,83
2125.png,14
2126.png,92
2127.png,66
2128.png,53
2129.png,55
2130.png,60
2131.png,43
2132.png,40
2133.png,56
2134.png,96
2135.png,77
2136.png,31
2137.png,57
2138.png,62
2139.png,83
2140.png,2
2141.png,42
2142.png,22
2143.png,60
2144.png,89
2145.png,53
2146.png,71
2147.png,91
2148.png,99
2149.png,89
2150.png,52
2151.png,21
2152.png,35
2153.png,58
2154.png,101
2155.png,25
2156.png,37
2157.png,100
2158.png,23
2159.png,23
2160.png,69
2161.png,19
2162.png,44
2163.png,67
2164.png,7
2165.png,79
2166.png,90
2167.png,45
2168.png,83
2169.png,93
2170.png,94
2171.png,65
2172.png,19
2173.png,23
2174.png,0
2175.png,4
2176.png,99
2177.png,43
2178.png,26
2179.png,85
2180.png,41
2181.png,93
2182.png,62
2183.png,59
2184.png,45
2185.png,31
2186.png,47
2187.png,81
2188.png,75
2189.png,10
2190.png,0
2191.png,20
2192.png,89
2193.png,91
2194.png,72
2195.png,78
2196.png,11
2197.png,9
2198.png,57
2199.png,10
2200.png,67
2201.png,60
2202.png,56
2203.png,10
2204.png,37
2205.png,47
2206.png,28
2207.png,29
2208.png,50
2209.png,49
2210.png,51
2211.png,32
2212.png,73
2213.png,32
2214.png,34
2215.png,7
2216.png,42
2217.png,62
2218.png,22
2219.png,83
2220.png,17
2221.png,71
2222.png,45
2223.png,43
2224.png,66
2225.png,97
2226.png,72
2227.png,47
2228.png,40
2229.png,95
2230.png,3
2231.png,57
2232.png,67
2233.png,5
2234.png,46
2235.png,22
2236.png,74
2237.png,28
2238.png,1
2239.png,69
2240.png,63
2241.png,42
2242.png,89
2243.png,53
2244.png,10
2245.png,99
2246.png,27
2247.png,22
2248.png,78
2249.png,55
2250.png,2
2251.png,97
2252.png,16
2253.png,100
2254.png,47
2255.png,22
2256.png,66
2257.png,99
2258.png,85
2259.png,11
2260.png,90
2261.png,100
2262.png,34
2263.png,46
2264.png,9
2265.png,34
2266.png,90
2267.png,83
2268.png,30
2269.png,28
2270.png,71
2271.png,66
2272.png,31
2273.png,32
2274.png,16
2275.png,12
2276.png,8
2277.png,1
2278.png,68
2279.png,50
2280.png,89
2281.png,0
2282.png,83
2283.png,67
2284.png,42
2285.png,71
2286.png,23
2287.png,49
2288.png,21
2289.png,55
2290.png,55
2291.png,38
2292.png,93
2293.png,45
2294.png,72
2295.png,94
2296.png,63
2297.png,90
2298.png,88
2299.png,89
2300.png,40
2301.png,93
2302.png,61
2303.png,30
2304.png,11
2305.png,20
2306.png,12
2307.png,5
2308.png,49
2309.png,35
2310.png,99
2311.png,68
2312.png,40
2313.png,28
2314.png,47
2315.png,39
2316.png,47
2317.png,21
2318.png,60
2319.png,28
2320.png,38
2321.png,93
2322.png,77
2323.png,24
2324.png,10
2325.png,86
2326.png,40
2327.png,16
2328.png,30
2329.png,101
2330.png,68
2331.png,67
2332.png,48
2333.png,96
2334.png,29
2335.png,47
2336.png,41
2337.png,58
2338.png,40
2339.png,20
2340.png,43
2341.png,0
2342.png,68
2343.png,13
2344.png,10
2345.png,68
2346.png,59
2347.png,62
2348.png,91
2349.png,29
2350.png,19
2351.png,33
2352.png,33
2353.png,17
2354.png,10
2355.png,61
2356.png,41
2357.png,99
2358.png,2
2359.png,37
2360.png,68
2361.png,28
2362.png,21
2363.png,37
2364.png,28
2365.png,8
2366.png,58
2367.png,72
2368.png,60
2369.png,23
2370.png,95
2371.png,68
2372.png,24
2373.png,93
2374.png,2
2375.png,36
2376.png,77
2377.png,60
2378.png,66
2379.png,32
2380.png,62
2381.png,87
2382.png,10
2383.png,77
2384.png,52
2385.png,78
2386.png,73
2387.png,29
2388.png,52
2389.png,13
2390.png,60
2391.png,53
2392.png,37
2393.png,72
2394.png,81
2395.png,46
2396.png,80
2397.png,81
2398.png,47
2399.png,2
2400.png,52
2401.png,30
2402.png,26
2403.png,47
2404.png,5
2405.png,85
2406.png,62
2407.png,11
2408.png,55
2409.png,52
2410.png,0
2411.png,90
2412.png,55
2413.png,25
2414.png,11
2415.png,57
2416.png,85
2417.png,60
2418.png,67
2419.png,35
2420.png,36
2421.png,101
2422.png,83
2423.png,70
2424.png,29
2425.png,77
2426.png,77
2427.png,68
2428.png,84
2429.png,56
2430.png,47
2431.png,4
2432.png,62
2433.png,61
2434.png,88
2435.png,87
2436.png,8
2437.png,58
2438.png,23
2439.png,89
2440.png,17
2441.png,56
2442.png,66
2443.png,23
2444.png,90
2445.png,52
2446.png,48
2447.png,16
2448.png,48
2449.png,52
2450.png,10
2451.png,20
2452.png,10
2453.png,2
2454.png,13
2455.png,21
2456.png,41
2457.png,3
2458.png,60
2459.png,92
2460.png,41
2461.png,71
2462.png,26
2463.png,46
2464.png,43
2465.png,42
2466.png,13
2467.png,72
2468.png,61
2469.png,4
2470.png,73
2471.png,90
2472.png,39
2473.png,48
2474.png,28
2475.png,59
2476.png,48
2477.png,2
2478.png,47
2479.png,68
2480.png,28
2481.png,34
2482.png,17
2483.png,78
2484.png,58
2485.png,76
2486.png,66
2487.png,65
2488.png,62
2489.png,73
2490.png,75
2491.png,52
2492.png,62
2493.png,86
2494.png,9
2495.png,23
2496.png,52
2497.png,78
2498.png,38
2499.png,41
2500.png,84
2501.png,52
2502.png,60
2503.png,18
2504.png,84
2505.png,6
2506.png,78
2507.png,14
2508.png,62
2509.png,73
2510.png,14
2511.png,45
2512.png,81
2513.png,72
2514.png,93
2515.png,45
2516.png,47
2517.png,84
2518.png,52
2519.png,34
2520.png,8
2521.png,71
2522.png,37
2523.png,32
2524.png,95
2525.png,52
2526.png,49
2527.png,69
2528.png,29
2529.png,33
2530.png,42
2531.png,30
2532.png,89
2533.png,96
2534.png,44
2535.png,55
2536.png,85
2537.png,58
2538.png,74
2539.png,42
2540.png,8
2541.png,7
2542.png,47
2543.png,11
2544.png,76
2545.png,101
2546.png,45
2547.png,34
2548.png,52
2549.png,23
2550.png,93
2551.png,57
2552.png,47
2553.png,66
2554.png,95
2555.png,75
2556.png,85
2557.png,32
2558.png,43
2559.png,85
2560.png,33
2561.png,14
2562.png,19
2563.png,61
2564.png,100
2565.png,82
2566.png,12
2567.png,56
2568.png,97
2569.png,9
2570.png,66
2571.png,41
2572.png,91
2573.png,89
2574.png,12
2575.png,65
2576.png,54
2577.png,33
2578.png,58
2579.png,80
2580.png,62
2581.png,98
2582.png,13
2583.png,98
2584.png,11
2585.png,79
2586.png,65
2587.png,23
2588.png,29
2589.png,80
2590.png,52
2591.png,30
2592.png,46
2593.png,64
2594.png,37
2595.png,29
2596.png,26
2597.png,60
2598.png,94
2599.png,17
2600.png,73
2601.png,44
2602.png,62
2603.png,37
2604.png,64
2605.png,75
2606.png,19
2607.png,58
2608.png,5
2609.png,84
2610.png,67
2611.png,17
2612.png,29
2613.png,46
2614.png,74
2615.png,28
2616.png,44
2617.png,23
2618.png,74
2619.png,93
2620.png,95
2621.png,30
2622.png,72
2623.png,73
2624.png,87
2625.png,45
2626.png,28
2627.png,29
2628.png,32
2629.png,90
2630.png,61
2631.png,45
2632.png,84
2633.png,31
2634.png,49
2635.png,69
2636.png,47
2637.png,9
2638.png,72
2639.png,23
2640.png,80
2641.png,17
2642.png,26
2643.png,13
2644.png,26
2645.png,11
2646.png,96
2647.png,88
2648.png,76
2649.png,49
2650.png,7
2651.png,5
2652.png,94
2653.png,2
2654.png,27
2655.png,16
2656.png,44
2657.png,28
2658.png,43
2659.png,99
2660.png,92
2661.png,99
2662.png,80
2663.png,56
2664.png,29
2665.png,101
2666.png,99
2667.png,17
2668.png,4
2669.png,27
2670.png,84
2671.png,41
2672.png,23
2673.png,0
2674.png,81
2675.png,100
2676.png,45
2677.png,10
2678.png,86
2679.png,93
2680.png,43
2681.png,92
2682.png,38
2683.png,49
2684.png,79
2685.png,46
2686.png,60
2687.png,3
2688.png,72
2689.png,77
2690.png,95
2691.png,63
2692.png,101
2693.png,1
2694.png,26
2695.png,51
2696.png,44
2697.png,88
2698.png,47
2699.png,93
2700.png,3
2701.png,81
2702.png,47
2703.png,48
2704.png,27
2705.png,46
2706.png,83
2707.png,21
2708.png,69
2709.png,12
2710.png,27
2711.png,34
2712.png,2
2713.png,63
2714.png,30
2715.png,85
2716.png,78
2717.png,17
2718.png,4
2719.png,67
2720.png,94
2721.png,24
2722.png,100
2723.png,39
2724.png,90
2725.png,49
2726.png,15
2727.png,41
2728.png,54
2729.png,47
2730.png,66
2731.png,35
2732.png,80
2733.png,100
2734.png,90
2735.png,99
2736.png,95
2737.png,2
2738.png,40
2739.png,51
2740.png,57
2741.png,4
2742.png,79
2743.png,84
2744.png,27
2745.png,34
2746.png,39
2747.png,24
2748.png,38
2749.png,16
2750.png,30
2751.png,86
2752.png,51
2753.png,31
2754.png,6
2755.png,50
2756.png,86
2757.png,80
2758.png,71
2759.png,93
2760.png,62
2761.png,47
2762.png,53
2763.png,0
2764.png,99
2765.png,62
2766.png,94
2767.png,11
2768.png,85
2769.png,33
2770.png,3
2771.png,50
2772.png,85
2773.png,94
2774.png,53
2775.png,35
2776.png,48
2777.png,48
2778.png,10
2779.png,4
2780.png,79
2781.png,18
2782.png,35
2783.png,47
2784.png,87
2785.png,21
2786.png,49
2787.png,73
2788.png,63
2789.png,86
2790.png,37
2791.png,28
2792.png,19
2793.png,87
2794.png,57
2795.png,92
2796.png,28
2797.png,90
2798.png,73
2799.png,29
2800.png,28
2801.png,90
2802.png,1
2803.png,14
2804.png,69
2805.png,31
2806.png,90
2807.png,8
2808.png,17
2809.png,84
2810.png,73
2811.png,17
2812.png,58
2813.png,17
2814.png,46
2815.png,66
2816.png,41
2817.png,59
2818.png,52
2819.png,25
2820.png,62
2821.png,94
2822.png,45
2823.png,48
2824.png,87
2825.png,49
2826.png,51
2827.png,44
2828.png,13
2829.png,59
2830.png,3
2831.png,29
2832.png,51
2833.png,28
2834.png,84
2835.png,36
2836.png,55
2837.png,99
2838.png,37
2839.png,72
2840.png,41
2841.png,74
2842.png,65
2843.png,10
2844.png,2
2845.png,23
2846.png,1
2847.png,18
2848.png,9
2849.png,21
2850.png,3
2851.png,47
2852.png,79
2853.png,78
2854.png,64
2855.png,24
2856.png,23
2857.png,89
2858.png,28
2859.png,82
2860.png,76
2861.png,85
2862.png,42
2863.png,52
2864.png,45
2865.png,99
2866.png,7
2867.png,35
2868.png,41
2869.png,17
2870.png,89
2871.png,42
2872.png,65
2873.png,34
2874.png,99
2875.png,47
2876.png,82
2877.png,10
2878.png,52
2879.png,70
2880.png,41
2881.png,13
2882.png,83
2883.png,11
2884.png,88
2885.png,97
2886.png,89
2887.png,93
2888.png,40
2889.png,91
2890.png,101
2891.png,97
2892.png,83
2893.png,65
2894.png,8
2895.png,87
2896.png,42
2897.png,73
2898.png,69
2899.png,26
2900.png,28
2901.png,94
2902.png,77
2903.png,37
2904.png,92
2905.png,47
2906.png,10
2907.png,97
2908.png,73
2909.png,10
2910.png,68
2911.png,12
2912.png,91
2913.png,10
2914.png,66
2915.png,36
2916.png,79
2917.png,29
2918.png,18
2919.png,60
2920.png,96
2921.png,12
2922.png,18
2923.png,77
2924.png,47
2925.png,29
2926.png,4
2927.png,28
2928.png,45
2929.png,25
2930.png,70
2931.png,1
2932.png,93
2933.png,45
2934.png,83
2935.png,47
2936.png,38
2937.png,90
2938.png,8
2939.png,36
2940.png,52
2941.png,53
2942.png,38
2943.png,62
2944.png,13
2945.png,27
2946.png,41
2947.png,2
2948.png,23
2949.png,47
2950.png,86
2951.png,79
2952.png,56
2953.png,13
2954.png,54
2955.png,26
2956.png,91
2957.png,27
2958.png,74
2959.png,77
2960.png,18
2961.png,65
2962.png,21
2963.png,73
2964.png,56
2965.png,95
2966.png,54
2967.png,62
2968.png,82
2969.png,45
2970.png,68
2971.png,64
2972.png,28
2973.png,56
2974.png,84
2975.png,84
2976.png,41
2977.png,21
2978.png,64
2979.png,70
2980.png,50
2981.png,71
2982.png,20
2983.png,47
2984.png,57
2985.png,62
2986.png,8
2987.png,51
2988.png,60
2989.png,17
2990.png,86
2991.png,71
2992.png,94
2993.png,30
2994.png,27
2995.png,101
2996.png,87
2997.png,27
2998.png,47
2999.png,50
3000.png,95
3001.png,63
3002.png,76
3003.png,20
3004.png,83
3005.png,86
3006.png,39
3007.png,27
3008.png,62
3009.png,28
3010.png,31
3011.png,77
3012.png,62
3013.png,97
3014.png,58
3015.png,19
3016.png,52
3017.png,52
3018.png,18
3019.png,31
3020.png,4
3021.png,16
3022.png,85
3023.png,5
3024.png,62
3025.png,11
3026.png,81
3027.png,93
3028.png,44
3029.png,13
3030.png,66
3031.png,34
3032.png,35
3033.png,48
3034.png,89
3035.png,13
3036.png,16
3037.png,91
3038.png,82
3039.png,68
3040.png,69
3041.png,28
3042.png,76
3043.png,18
3044.png,30
3045.png,30
3046.png,17
3047.png,10
3048.png,85
3049.png,37
3050.png,66
3051.png,28
3052.png,98
3053.png,16
3054.png,44
3055.png,26
3056.png,62
3057.png,24
3058.png,27
3059.png,91
3060.png,68
3061.png,52
3062.png,57
3063.png,17
3064.png,20
3065.png,9
3066.png,58
3067.png,62
3068.png,12
3069.png,21
3070.png,98
3071.png,48
3072.png,7
3073.png,47
3074.png,26
3075.png,71
3076.png,10
3077.png,44
3078.png,99
3079.png,37
3080.png,77
3081.png,82
3082.png,83
3083.png,5
3084.png,87
3085.png,48
3086.png,17
3087.png,59
3088.png,71
3089.png,28
3090.png,52
3091.png,99
3092.png,10
3093.png,41
3094.png,31
3095.png,91
3096.png,62
3097.png,3
3098.png,34
3099.png,30
3100.png,48
3101.png,32
3102.png,37
3103.png,72
3104.png,63
3105.png,12
3106.png,72
3107.png,69
3108.png,58
3109.png,84
3110.png,75
3111.png,33
3112.png,28
3113.png,41
3114.png,49
3115.png,70
3116.png,41
3117.png,67
3118.png,6
3119.png,59
3120.png,14
3121.png,49
3122.png,60
3123.png,58
3124.png,52
3125.png,89
3126.png,85
3127.png,89
3128.png,98
3129.png,29
3130.png,66
3131.png,35
3132.png,91
3133.png,43
3134.png,54
3135.png,36
3136.png,10
3137.png,96
3138.png,80
3139.png,0
3140.png,66
3141.png,74
3142.png,59
3143.png,17
3144.png,77
3145.png,77
3146.png,84
3147.png,51
3148.png,57
3149.png,80
3150.png,93
3151.png,60
3152.png,64
3153.png,8
3154.png,92
3155.png,1
3156.png,75
3157.png,78
3158.png,71
3159.png,89
3160.png,59
3161.png,35
3162.png,47
3163.png,89
3164.png,58
3165.png,53
3166.png,86
3167.png,59
3168.png,74
3169.png,75
3170.png,1
3171.png,66
3172.png,32
3173.png,82
3174.png,51
3175.png,47
3176.png,100
3177.png,39
3178.png,89
3179.png,71
3180.png,21
3181.png,100
3182.png,31
3183.png,21
3184.png,10
3185.png,101
3186.png,7
3187.png,89
3188.png,82
3189.png,73
3190.png,61
3191.png,22
3192.png,82
3193.png,69
3194.png,52
3195.png,44
3196.png,49
3197.png,51
3198.png,4
3199.png,53
3200.png,34
3201.png,82
3202.png,50
3203.png,28
3204.png,32
3205.png,90
3206.png,68
3207.png,96
3208.png,72
3209.png,30
3210.png,101
3211.png,51
3212.png,52
3213.png,9
3214.png,99
3215.png,82
3216.png,38
3217.png,80
3218.png,26
3219.png,59
3220.png,50
3221.png,30
3222.png,7
3223.png,20
3224.png,13
3225.png,34
3226.png,37
3227.png,61
3228.png,23
3229.png,45
3230.png,100
3231.png,14
3232.png,52
3233.png,10
3234.png,65
3235.png,4
3236.png,47
3237.png,54
3238.png,82
3239.png,60
3240.png,62
3241.png,27
3242.png,3
3243.png,65
3244.png,1
3245.png,39
3246.png,9
3247.png,60
3248.png,94
3249.png,89
3250.png,10
3251.png,88
3252.png,25
3253.png,80
3254.png,73
3255.png,43
3256.png,56
3257.png,89
3258.png,89
3259.png,100
3260.png,41
3261.png,18
3262.png,34
3263.png,86
3264.png,69
3265.png,30
3266.png,57
3267.png,81
3268.png,59
3269.png,68
3270.png,80
3271.png,67
3272.png,3
3273.png,10
3274.png,53
3275.png,98
3276.png,90
3277.png,60
3278.png,61
3279.png,64
3280.png,68
3281.png,58
3282.png,37
3283.png,100
3284.png,73
3285.png,39
3286.png,16
3287.png,33
3288.png,48
3289.png,1
3290.png,17
3291.png,17
3292.png,41
3293.png,87
3294.png,80
3295.png,35
3296.png,47
3297.png,39
3298.png,84
3299.png,89
3300.png,89
3301.png,3
3302.png,73
3303.png,4
3304.png,16
3305.png,33
3306.png,89
3307.png,34
3308.png,6
3309.png,79
3310.png,10
3311.png,46
3312.png,99
3313.png,100
3314.png,6
3315.png,17
3316.png,41
3317.png,84
3318.png,53
3319.png,5
3320.png,48
3321.png,44
3322.png,54
3323.png,22
3324.png,60
3325.png,80
3326.png,75
3327.png,58
3328.png,15
3329.png,15
3330.png,72
3331.png,20
3332.png,51
3333.png,98
3334.png,56
3335.png,34
3336.png,87
3337.png,53
3338.png,47
3339.png,51
3340.png,89
3341.png,9
3342.png,90
3343.png,90
3344.png,101
3345.png,0
3346.png,69
3347.png,26
3348.png,18
3349.png,47
3350.png,68
3351.png,96
3352.png,87
3353.png,57
3354.png,57
3355.png,17
3356.png,27
3357.png,96
3358.png,71
3359.png,12
3360.png,66
3361.png,23
3362.png,25
3363.png,88
3364.png,96
3365.png,27
3366.png,0
3367.png,38
3368.png,14
3369.png,63
3370.png,35
3371.png,72
3372.png,4
3373.png,67
3374.png,10
3375.png,64
3376.png,91
3377.png,22
3378.png,82
3379.png,9
3380.png,83
3381.png,61
3382.png,53
3383.png,6
3384.png,79
3385.png,67
3386.png,62
3387.png,31
3388.png,100
3389.png,5
3390.png,92
3391.png,49
3392.png,97
3393.png,79
3394.png,82
3395.png,10
3396.png,27
3397.png,48
3398.png,85
3399.png,32
3400.png,24
3401.png,37
3402.png,18
3403.png,93
3404.png,28
3405.png,27
3406.png,97
3407.png,49
3408.png,35
3409.png,37
3410.png,39
3411.png,13
3412.png,93
3413.png,87
3414.png,19
3415.png,40
3416.png,54
3417.png,10
3418.png,49
3419.png,52
3420.png,41
3421.png,3
3422.png,17
3423.png,67
3424.png,69
3425.png,55
3426.png,45
3427.png,27
3428.png,17
3429.png,19
3430.png,26
3431.png,32
3432.png,27
3433.png,23
3434.png,73
3435.png,48
3436.png,63
3437.png,73
3438.png,9
3439.png,20
3440.png,70
3441.png,82
3442.png,29
3443.png,51
3444.png,23
3445.png,69
3446.png,8
3447.png,15
3448.png,91
3449.png,23
3450.png,80
3451.png,55
3452.png,25
3453.png,95
3454.png,89
3455.png,64
3456.png,39
3457.png,93
3458.png,9
3459.png,9
3460.png,22
3461.png,79
3462.png,61
3463.png,4
3464.png,67
3465.png,91
3466.png,60
3467.png,88
3468.png,69
3469.png,6
3470.png,28
3471.png,44
3472.png,66
3473.png,41
3474.png,1
3475.png,10
3476.png,64
3477.png,99
3478.png,96
3479.png,63
3480.png,20
3481.png,84
3482.png,20
3483.png,28
3484.png,59
3485.png,39
3486.png,50
3487.png,43
3488.png,38
3489.png,35
3490.png,47
3491.png,29
3492.png,50
3493.png,26
3494.png,100
3495.png,96
3496.png,3
3497.png,80
3498.png,51
3499.png,63
3500.png,65
3501.png,67
3502.png,53
3503.png,1
3504.png,46
3505.png,83
3506.png,33
3507.png,42
3508.png,4
3509.png,62
3510.png,34
3511.png,89
3512.png,17
3513.png,68
3514.png,30
3515.png,49
3516.png,69
3517.png,18
3518.png,57
3519.png,15
3520.png,40
3521.png,96
3522.png,1
3523.png,97
3524.png,84
3525.png,26
3526.png,42
3527.png,23
3528.png,23
3529.png,84
3530.png,47
3531.png,47
3532.png,82
3533.png,29
3534.png,82
3535.png,41
3536.png,32
3537.png,99
3538.png,24
3539.png,70
3540.png,69
3541.png,84
3542.png,11
3543.png,44
3544.png,51
3545.png,27
3546.png,48
3547.png,79
3548.png,9
3549.png,1
3550.png,12
3551.png,88
3552.png,17
3553.png,1
3554.png,21
3555.png,87
3556.png,42
3557.png,20
3558.png,37
3559.png,88
3560.png,12
3561.png,29
3562.png,85
3563.png,4
3564.png,27
3565.png,8
3566.png,17
3567.png,64
3568.png,8
3569.png,30
3570.png,13
3571.png,16
3572.png,72
3573.png,94
3574.png,58
3575.png,18
3576.png,46
3577.png,26
3578.png,60
3579.png,41
3580.png,39
3581.png,74
3582.png,24
3583.png,19
3584.png,91
3585.png,6
3586.png,99
3587.png,4
3588.png,23
3589.png,92
3590.png,71
3591.png,9
3592.png,29
3593.png,28
3594.png,46
3595.png,101
3596.png,93
3597.png,91
3598.png,99
3599.png,49
3600.png,19
3601.png,78
3602.png,46
3603.png,41
3604.png,89
3605.png,16
3606.png,17
3607.png,10
3608.png,47
3609.png,73
3610.png,42
3611.png,4
3612.png,86
3613.png,59
3614.png,16
3615.png,90
3616.png,54
3617.png,41
3618.png,74
3619.png,3
3620.png,69
3621.png,40
3622.png,93
3623.png,17
3624.png,101
3625.png,48
3626.png,10
3627.png,81
3628.png,23
3629.png,17
3630.png,84
3631.png,21
3632.png,66
3633.png,47
3634.png,77
3635.png,83
3636.png,23
3637.png,51
3638.png,64
3639.png,10
3640.png,95
3641.png,101
3642.png,63
3643.png,56
3644.png,67
3645.png,35
3646.png,90
3647.png,57
3648.png,48
3649.png,22
3650.png,25
3651.png,33
3652.png,0
3653.png,50
3654.png,12
3655.png,9
3656.png,53
3657.png,8
3658.png,73
3659.png,101
3660.png,72
3661.png,59
3662.png,66
3663.png,86
3664.png,77
3665.png,21
3666.png,28
3667.png,87
3668.png,55
3669.png,29
3670.png,19
3671.png,6
3672.png,30
3673.png,75
3674.png,73
3675.png,42
3676.png,41
3677.png,16
3678.png,77
3679.png,52
3680.png,61
3681.png,19
3682.png,53
3683.png,33
3684.png,70
3685.png,61
3686.png,78
3687.png,45
3688.png,27
3689.png,29
3690.png,65
3691.png,99
3692.png,86
3693.png,58
3694.png,48
3695.png,27
3696.png,62
3697.png,19
3698.png,56
3699.png,18
3700.png,47
3701.png,67
3702.png,49
3703.png,25
3704.png,26
3705.png,23
3706.png,36
3707.png,16
3708.png,28
3709.png,56
3710.png,72
3711.png,9
3712.png,87
3713.png,56
3714.png,12
3715.png,14
3716.png,2
3717.png,58
3718.png,29
3719.png,40
3720.png,85
3721.png,12
3722.png,98
3723.png,70
3724.png,92
3725.png,91
3726.png,48
3727.png,37
3728.png,51
3729.png,93
3730.png,37
3731.png,47
3732.png,53
3733.png,34
3734.png,15
3735.png,67
3736.png,79
3737.png,22
3738.png,55
3739.png,66
3740.png,91
3741.png,26
3742.png,66
3743.png,67
3744.png,39
3745.png,82
3746.png,76
3747.png,88
3748.png,101
3749.png,66
3750.png,26
3751.png,45
3752.png,67
3753.png,99
3754.png,63
3755.png,58
3756.png,23
3757.png,50
3758.png,86
3759.png,54
3760.png,29
3761.png,87
3762.png,12
3763.png,17
3764.png,4
3765.png,9
3766.png,28
3767.png,88
3768.png,86
3769.png,64
3770.png,20
3771.png,56
3772.png,86
3773.png,68
3774.png,44
3775.png,82
3776.png,6
3777.png,94
3778.png,47
3779.png,100
3780.png,69
3781.png,63
3782.png,41
3783.png,72
3784.png,76
3785.png,47
3786.png,26
3787.png,58
3788.png,20
3789.png,26
3790.png,74
3791.png,93
3792.png,61
3793.png,61
3794.png,28
3795.png,60
3796.png,60
3797.png,39
3798.png,82
3799.png,93
3800.png,49
3801.png,68
3802.png,51
3803.png,62
3804.png,11
3805.png,0
3806.png,65
3807.png,33
3808.png,101
3809.png,22
3810.png,51
3811.png,20
3812.png,62
3813.png,45
3814.png,80
3815.png,17
3816.png,10
3817.png,44
3818.png,9
3819.png,93
3820.png,45
3821.png,28
3822.png,42
3823.png,51
3824.png,48
3825.png,52
3826.png,35
3827.png,15
3828.png,91
3829.png,67
3830.png,100
3831.png,19
3832.png,69
3833.png,42
3834.png,13
3835.png,46
3836.png,91
3837.png,26
3838.png,3
3839.png,78
3840.png,49
3841.png,57
3842.png,27
3843.png,95
3844.png,16
3845.png,89
3846.png,80
3847.png,10
3848.png,23
3849.png,62
3850.png,47
3851.png,19
3852.png,80
3853.png,4
3854.png,96
3855.png,63
3856.png,83
3857.png,62
3858.png,16
3859.png,49
3860.png,15
3861.png,63
3862.png,57
3863.png,58
3864.png,20
3865.png,41
3866.png,66
3867.png,62
3868.png,72
3869.png,16
3870.png,22
3871.png,65
3872.png,23
3873.png,34
3874.png,34
3875.png,71
3876.png,78
3877.png,58
3878.png,96
3879.png,30
3880.png,17
3881.png,61
3882.png,54
3883.png,29
3884.png,30
3885.png,71
3886.png,10
3887.png,49
3888.png,19
3889.png,23
3890.png,6
3891.png,55
3892.png,37
3893.png,68
3894.png,23
3895.png,35
3896.png,81
3897.png,69
3898.png,52
3899.png,17
3900.png,69
3901.png,57
3902.png,2
3903.png,49
3904.png,47
3905.png,36
3906.png,39
3907.png,5
3908.png,0
3909.png,94
3910.png,23
3911.png,89
3912.png,80
3913.png,45
3914.png,89
3915.png,80
3916.png,96
3917.png,31
3918.png,30
3919.png,72
3920.png,74
3921.png,30
3922.png,31
3923.png,41
3924.png,90
3925.png,82
3926.png,27
3927.png,68
3928.png,99
3929.png,9
3930.png,62
3931.png,96
3932.png,86
3933.png,3
3934.png,54
3935.png,79
3936.png,50
3937.png,73
3938.png,73
3939.png,42
3940.png,73
3941.png,99
3942.png,24
3943.png,56
3944.png,93
3945.png,65
3946.png,92
3947.png,68
3948.png,38
3949.png,89
3950.png,90
3951.png,100
3952.png,18
3953.png,28
3954.png,23
3955.png,89
3956.png,14
3957.png,72
3958.png,29
3959.png,48
3960.png,5
3961.png,68
3962.png,46
3963.png,30
3964.png,97
3965.png,51
3966.png,58
3967.png,73
3968.png,53
3969.png,93
3970.png,35
3971.png,52
3972.png,9
3973.png,52
3974.png,60
3975.png,17
3976.png,79
3977.png,38
3978.png,61
3979.png,45
3980.png,30
3981.png,87
3982.png,59
3983.png,77
3984.png,34
3985.png,86
3986.png,41
3987.png,42
3988.png,46
3989.png,31
3990.png,69
3991.png,33
3992.png,59
3993.png,31
3994.png,13
3995.png,80
3996.png,40
3997.png,8
3998.png,6
3999.png,16
4000.png,72
4001.png,51
4002.png,7
4003.png,4
4004.png,21
4005.png,14
4006.png,46
4007.png,18
4008.png,12
4009.png,86
4010.png,4
4011.png,100
4012.png,67
4013.png,74
4014.png,80
4015.png,56
4016.png,84
4017.png,30
4018.png,17
4019.png,84
4020.png,46
4021.png,21
4022.png,14
4023.png,28
4024.png,96
4025.png,91
4026.png,8
4027.png,63
4028.png,19
4029.png,97
4030.png,23
4031.png,6
4032.png,56
4033.png,77
4034.png,29
4035.png,10
4036.png,33
4037.png,4
4038.png,44
4039.png,0
4040.png,40
4041.png,48
4042.png,75
4043.png,23
4044.png,52
4045.png,18
4046.png,4
4047.png,17
4048.png,65
4049.png,47
4050.png,87
4051.png,68
4052.png,74
4053.png,79
4054.png,71
4055.png,74
4056.png,10
4057.png,73
4058.png,24
4059.png,36
4060.png,52
4061.png,0
4062.png,28
4063.png,47
4064.png,70
4065.png,69
4066.png,30
4067.png,16
4068.png,47
4069.png,69
4070.png,43
4071.png,28
4072.png,71
4073.png,101
4074.png,92
4075.png,10
4076.png,50
4077.png,77
4078.png,59
4079.png,21
4080.png,77
4081.png,99
4082.png,92
4083.png,4
4084.png,75
4085.png,2
4086.png,28
4087.png,26
4088.png,39
4089.png,4
4090.png,59
4091.png,44
4092.png,86
4093.png,17
4094.png,62
4095.png,41
4096.png,100
4097.png,17
4098.png,32
4099.png,53
4100.png,11
4101.png,29
4102.png,19
4103.png,81
4104.png,95
4105.png,49
4106.png,85
4107.png,56
4108.png,83
4109.png,67
4110.png,73
4111.png,68
4112.png,66
4113.png,9
4114.png,13
4115.png,96
4116.png,67
4117.png,18
4118.png,36
4119.png,52
4120.png,62
4121.png,11
4122.png,91
4123.png,39
4124.png,74
4125.png,85
4126.png,38
4127.png,27
4128.png,57
4129.png,69
4130.png,46
4131.png,46
4132.png,18
4133.png,21
4134.png,54
4135.png,59
4136.png,85
4137.png,11
4138.png,16
4139.png,79
4140.png,1
4141.png,37
4142.png,85
4143.png,96
4144.png,17
4145.png,80
4146.png,5
4147.png,86
4148.png,56
4149.png,28
4150.png,22
4151.png,75
4152.png,79
4153.png,16
4154.png,28
4155.png,54
4156.png,46
4157.png,69
4158.png,10
4159.png,28
4160.png,13
4161.png,47
4162.png,69
4163.png,99
4164.png,89
4165.png,47
4166.png,92
4167.png,52
4168.png,29
4169.png,12
4170.png,27
4171.png,45
4172.png,48
4173.png,101
4174.png,17
4175.png,41
4176.png,38
4177.png,47
4178.png,46
4179.png,32
4180.png,55
4181.png,62
4182.png,79
4183.png,7
4184.png,99
4185.png,57
4186.png,22
4187.png,20
4188.png,56
4189.png,45
4190.png,97
4191.png,83
4192.png,22
4193.png,11
4194.png,3
4195.png,88
4196.png,47
4197.png,26
4198.png,9
4199.png,55
4200.png,48
4201.png,14
4202.png,56
4203.png,13
4204.png,39
4205.png,98
4206.png,20
4207.png,18
4208.png,68
4209.png,47
4210.png,57
4211.png,15
4212.png,62
4213.png,44
4214.png,68
4215.png,15
4216.png,40
4217.png,7
4218.png,33
4219.png,2
4220.png,44
4221.png,36
4222.png,70
4223.png,89
4224.png,74
4225.png,65
4226.png,21
4227.png,2
4228.png,53
4229.png,87
4230.png,3
4231.png,56
4232.png,23
4233.png,93
4234.png,18
4235.png,55
4236.png,12
4237.png,4
4238.png,100
4239.png,95
4240.png,38
4241.png,16
4242.png,20
4243.png,48
4244.png,13
4245.png,17
4246.png,15
4247.png,52
4248.png,69
4249.png,89
4250.png,44
4251.png,27
4252.png,52
4253.png,6
4254.png,8
4255.png,41
4256.png,80
4257.png,29
4258.png,72
4259.png,27
4260.png,4
4261.png,29
4262.png,94
4263.png,60
4264.png,69
4265.png,10
4266.png,71
4267.png,79
4268.png,76
4269.png,26
4270.png,15
4271.png,41
4272.png,73
4273.png,34
4274.png,8
4275.png,41
4276.png,66
4277.png,1
4278.png,52
4279.png,72
4280.png,84
4281.png,29
4282.png,84
4283.png,19
4284.png,93
4285.png,63
4286.png,76
4287.png,47
4288.png,62
4289.png,57
4290.png,39
4291.png,33
4292.png,30
4293.png,96
4294.png,73
4295.png,91
4296.png,58
4297.png,38
4298.png,99
4299.png,94
4300.png,13
4301.png,46
4302.png,79
4303.png,82
4304.png,16
4305.png,48
4306.png,38
4307.png,11
4308.png,10
4309.png,62
4310.png,91
4311.png,20
4312.png,26
4313.png,42
4314.png,52
4315.png,59
4316.png,81
4317.png,61
4318.png,16
4319.png,10
4320.png,47
4321.png,40
4322.png,40
4323.png,78
4324.png,3
4325.png,17
4326.png,39
4327.png,66
4328.png,18
4329.png,42
4330.png,58
4331.png,1
4332.png,57
4333.png,97
4334.png,33
4335.png,6
4336.png,54
4337.png,49
4338.png,26
4339.png,93
4340.png,51
4341.png,68
4342.png,29
4343.png,28
4344.png,16
4345.png,87
4346.png,51
4347.png,43
4348.png,20
4349.png,39
4350.png,14
4351.png,47
4352.png,47
4353.png,12
4354.png,29
4355.png,78
4356.png,25
4357.png,83
4358.png,38
4359.png,13
4360.png,99
4361.png,8
4362.png,27
4363.png,34
4364.png,31
4365.png,65
4366.png,66
4367.png,4
4368.png,53
4369.png,58
4370.png,85
4371.png,58
4372.png,9
4373.png,47
4374.png,65
4375.png,89
4376.png,70
4377.png,60
4378.png,5
4379.png,50
4380.png,1
4381.png,51
4382.png,52
4383.png,66
4384.png,23
4385.png,62
4386.png,93
4387.png,79
4388.png,68
4389.png,41
4390.png,99
4391.png,44
4392.png,72
4393.png,31
4394.png,52
4395.png,82
4396.png,88
4397.png,10
4398.png,57
4399.png,56
4400.png,28
4401.png,36
4402.png,87
4403.png,47
4404.png,24
4405.png,65
4406.png,81
4407.png,25
4408.png,41
4409.png,3
4410.png,31
4411.png,6
4412.png,81
4413.png,53
4414.png,10
4415.png,69
4416.png,99
4417.png,38
4418.png,8
4419.png,48
4420.png,13
4421.png,53
4422.png,14
4423.png,62
4424.png,36
4425.png,42
4426.png,41
4427.png,48
4428.png,37
4429.png,69
4430.png,26
4431.png,37
4432.png,33
4433.png,77
4434.png,68
4435.png,28
4436.png,92
4437.png,68
4438.png,77
4439.png,31
4440.png,91
4441.png,99
4442.png,38
4443.png,61
4444.png,31
4445.png,49
4446.png,52
4447.png,67
4448.png,54
4449.png,66
4450.png,58
4451.png,69
4452.png,52
4453.png,95
4454.png,88
4455.png,89
4456.png,11
4457.png,49
4458.png,60
4459.png,47
4460.png,68
4461.png,99
4462.png,41
4463.png,34
4464.png,34
4465.png,4
4466.png,60
4467.png,56
4468.png,40
4469.png,7
4470.png,83
4471.png,99
4472.png,16
4473.png,57
4474.png,80
4475.png,89
4476.png,68
4477.png,12
4478.png,48
4479.png,35
4480.png,93
4481.png,18
4482.png,33
4483.png,52
4484.png,85
4485.png,82
4486.png,33
4487.png,10
4488.png,4
4489.png,69
4490.png,34
4491.png,27
4492.png,18
4493.png,69
4494.png,94
4495.png,99
4496.png,62
4497.png,68
4498.png,46
4499.png,54
4500.png,20
4501.png,55
4502.png,17
4503.png,20
4504.png,12
4505.png,22
4506.png,99
4507.png,29
4508.png,89
4509.png,52
4510.png,52
4511.png,34
4512.png,99
4513.png,87
4514.png,5
4515.png,18
4516.png,53
4517.png,21
4518.png,63
4519.png,93
4520.png,52
4521.png,82
4522.png,81
4523.png,33
4524.png,30
4525.png,80
4526.png,23
4527.png,10
4528.png,25
4529.png,72
4530.png,12
4531.png,9
4532.png,27
4533.png,37
4534.png,1
4535.png,73
4536.png,93
4537.png,67
4538.png,23
4539.png,2
4540.png,69
4541.png,3
4542.png,21
4543.png,90
4544.png,27
4545.png,34
4546.png,0
4547.png,22
4548.png,68
4549.png,0
4550.png,41
4551.png,101
4552.png,27
4553.png,44
4554.png,12
4555.png,98
4556.png,46
4557.png,15
4558.png,93
4559.png,17
4560.png,92
4561.png,62
4562.png,79
4563.png,67
4564.png,10
4565.png,0
4566.png,59
4567.png,67
4568.png,73
4569.png,40
4570.png,85
4571.png,8
4572.png,22
4573.png,7
4574.png,30
4575.png,78
4576.png,39
4577.png,32
4578.png,92
4579.png,88
4580.png,94
4581.png,82
4582.png,18
4583.png,72
4584.png,11
4585.png,43
4586.png,51
4587.png,60
4588.png,57
4589.png,27
4590.png,47
4591.png,100
4592.png,38
4593.png,69
4594.png,92
4595.png,20
4596.png,28
4597.png,74
4598.png,21
4599.png,73
4600.png,23
4601.png,64
4602.png,1
4603.png,7
4604.png,91
4605.png,46
4606.png,44
4607.png,80
4608.png,0
4609.png,99
4610.png,0
4611.png,46
4612.png,48
4613.png,22
4614.png,51
4615.png,85
4616.png,28
4617.png,60
4618.png,85
4619.png,58
4620.png,58
4621.png,37
4622.png,93
4623.png,4
4624.png,47
4625.png,11
4626.png,8
4627.png,79
4628.png,92
4629.png,12
4630.png,99
4631.png,94
4632.png,67
4633.png,91
4634.png,12
4635.png,10
4636.png,47
4637.png,9
4638.png,90
4639.png,32
4640.png,99
4641.png,46
4642.png,90
4643.png,82
4644.png,93
4645.png,99
4646.png,90
4647.png,81
4648.png,91
4649.png,83
4650.png,55
4651.png,24
4652.png,39
4653.png,63
4654.png,17
4655.png,49
4656.png,4
4657.png,41
4658.png,47
4659.png,10
4660.png,29
4661.png,87
4662.png,96
4663.png,86
4664.png,47
4665.png,85
4666.png,52
4667.png,9
4668.png,61
4669.png,94
4670.png,48
4671.png,35
4672.png,60
4673.png,34
4674.png,15
4675.png,67
4676.png,56
4677.png,67
4678.png,53
4679.png,58
4680.png,10
4681.png,92
4682.png,91
4683.png,85
4684.png,25
4685.png,89
4686.png,48
4687.png,87
4688.png,41
4689.png,86
4690.png,84
4691.png,66
4692.png,4
4693.png,41
4694.png,74
4695.png,35
4696.png,28
4697.png,72
4698.png,94
4699.png,78
4700.png,14
4701.png,1
4702.png,21
4703.png,10
4704.png,91
4705.png,39
4706.png,21
4707.png,66
4708.png,66
4709.png,41
4710.png,99
4711.png,92
4712.png,9
4713.png,31
4714.png,50
4715.png,61
4716.png,62
4717.png,94
4718.png,52
4719.png,89
4720.png,23
4721.png,47
4722.png,83
4723.png,59
4724.png,68
4725.png,67
4726.png,60
4727.png,68
4728.png,3
4729.png,69
4730.png,67
4731.png,7
4732.png,53
4733.png,72
4734.png,73
4735.png,99
4736.png,30
4737.png,52
4738.png,23
4739.png,64
4740.png,18
4741.png,40
4742.png,42
4743.png,14
4744.png,101
4745.png,91
4746.png,37
4747.png,91
4748.png,93
4749.png,30
4750.png,79
4751.png,6
4752.png,10
4753.png,3
4754.png,93
4755.png,92
4756.png,71
4757.png,21
4758.png,74
4759.png,52
4760.png,68
4761.png,78
4762.png,59
4763.png,9
4764.png,17
4765.png,85
4766.png,94
4767.png,0
4768.png,23
4769.png,14
4770.png,1
4771.png,0
4772.png,14
4773.png,94
4774.png,34
4775.png,48
4776.png,9
4777.png,83
4778.png,26
4779.png,33
4780.png,49
4781.png,74
4782.png,8
4783.png,41
4784.png,58
4785.png,44
4786.png,91
4787.png,11
4788.png,78
4789.png,24
4790.png,19
4791.png,6
4792.png,28
4793.png,24
4794.png,89
4795.png,88
4796.png,48
4797.png,91
4798.png,85
4799.png,41
4800.png,67
4801.png,41
4802.png,81
4803.png,65
4804.png,64
4805.png,91
4806.png,97
4807.png,16
4808.png,30
4809.png,83
4810.png,25
4811.png,59
4812.png,7
4813.png,16
4814.png,0
4815.png,45
4816.png,43
4817.png,57
4818.png,33
4819.png,47
4820.png,67
4821.png,18
4822.png,5
4823.png,75
4824.png,95
4825.png,20
4826.png,96
4827.png,54
4828.png,72
4829.png,59
4830.png,7
4831.png,98
4832.png,34
4833.png,32
4834.png,37
4835.png,48
4836.png,16
4837.png,47
4838.png,81
4839.png,15
4840.png,24
4841.png,61
4842.png,94
4843.png,60
4844.png,65
4845.png,60
4846.png,42
4847.png,40
4848.png,79
4849.png,83
4850.png,23
4851.png,39
4852.png,44
4853.png,46
4854.png,29
4855.png,45
4856.png,92
4857.png,79
4858.png,79
4859.png,73
4860.png,47
4861.png,85
4862.png,69
4863.png,94
4864.png,69
4865.png,13
4866.png,52
4867.png,75
4868.png,22
4869.png,17
4870.png,2
4871.png,34
4872.png,85
4873.png,61
4874.png,96
4875.png,100
4876.png,92
4877.png,16
4878.png,38
4879.png,81
4880.png,41
4881.png,65
4882.png,39
4883.png,101
4884.png,25
4885.png,69
4886.png,39
4887.png,94
4888.png,14
4889.png,47
4890.png,67
4891.png,35
4892.png,81
4893.png,10
4894.png,29
4895.png,15
4896.png,48
4897.png,42
4898.png,19
4899.png,52
4900.png,76
4901.png,39
4902.png,68
4903.png,44
4904.png,49
4905.png,28
4906.png,81
4907.png,69
4908.png,101
4909.png,82
4910.png,47
4911.png,41
4912.png,0
4913.png,14
4914.png,44
4915.png,9
4916.png,36
4917.png,14
4918.png,17
4919.png,50
4920.png,45
4921.png,37
4922.png,40
4923.png,58
4924.png,81
4925.png,71
4926.png,24
4927.png,4
4928.png,45
4929.png,38
4930.png,25
4931.png,89
4932.png,85
4933.png,0
4934.png,30
4935.png,36
4936.png,5
4937.png,94
4938.png,47
4939.png,14
4940.png,92
4941.png,12
4942.png,10
4943.png,27
4944.png,64
4945.png,26
4946.png,13
4947.png,9
4948.png,5
4949.png,5
4950.png,11
4951.png,59
4952.png,87
4953.png,15
4954.png,86
4955.png,62
4956.png,39
4957.png,99
4958.png,46
4959.png,66
4960.png,68
4961.png,69
4962.png,15
4963.png,58
4964.png,12
4965.png,29
4966.png,45
4967.png,92
4968.png,65
4969.png,29
4970.png,22
4971.png,91
4972.png,3
4973.png,35
4974.png,10
4975.png,54
4976.png,89
4977.png,64
4978.png,93
4979.png,89
4980.png,78
4981.png,7
4982.png,45
4983.png,85
4984.png,20
4985.png,52
4986.png,57
4987.png,23
4988.png,17
4989.png,48
4990.png,55
4991.png,44
4992.png,64
4993.png,62
4994.png,58
4995.png,69
4996.png,85
4997.png,58
4998.png,60
4999.png,18
5000.png,64
5001.png,24
5002.png,46
5003.png,61
5004.png,35
5005.png,43
5006.png,32
5007.png,6
5008.png,89
5009.png,100
5010.png,28
5011.png,29
5012.png,60
5013.png,66
5014.png,15
5015.png,70
5016.png,96
5017.png,84
5018.png,28
5019.png,2
5020.png,65
5021.png,78
5022.png,22
5023.png,69
5024.png,98
5025.png,37
5026.png,69
5027.png,30
5028.png,98
5029.png,28
5030.png,99
5031.png,81
5032.png,62
5033.png,28
5034.png,58
5035.png,93
5036.png,8
5037.png,84
5038.png,85
5039.png,8
5040.png,29
5041.png,33
5042.png,33
5043.png,73
5044.png,76
5045.png,7
5046.png,10
5047.png,22
5048.png,18
5049.png,7
5050.png,20
5051.png,101
5052.png,63
5053.png,62
5054.png,12
5055.png,28
5056.png,98
5057.png,10
5058.png,33
5059.png,25
5060.png,37
5061.png,55
5062.png,26
5063.png,4
5064.png,17
5065.png,21
5066.png,90
5067.png,5
5068.png,37
5069.png,10
5070.png,74
5071.png,38
5072.png,87
5073.png,57
5074.png,36
5075.png,80
5076.png,24
5077.png,27
5078.png,3
5079.png,56
5080.png,28
5081.png,0
5082.png,47
5083.png,92
5084.png,34
5085.png,38
5086.png,33
5087.png,55
5088.png,87
5089.png,41
5090.png,41
5091.png,89
5092.png,10
5093.png,32
5094.png,85
5095.png,94
5096.png,13
5097.png,51
5098.png,38
5099.png,32
